"juveniles","sand","temperature","rainfall","humanpop","country"
1450.48861059626,348.716294941044,27.8482971853446,907.777598127109,666.843619062871,"China"
1306.36586453405,766.633988721518,27.0260249157892,1280.43166098152,780.56803124254,"China"
1900.79786296961,431.761692098653,24.7059463820142,1430.2775432425,441.49502950078,"China"
1919.89521614199,475.415730530194,25.6992047672339,2227.28132413341,758.772726520809,"China"
1004.54504019853,595.755270354452,24.4753534273154,1424.53147332131,541.225426137508,"China"
1681.17793429665,485.741004993576,24.2044499521857,1129.96289909157,396.263857230527,"China"
678.287415944552,708.710741784693,25.1096281608947,1383.80474670736,519.66589592839,"China"
2206.73612643147,489.150209368498,25.043081808792,1310.16905744795,462.019193508465,"China"
2522.55588342262,337.64467856218,25.4234466315747,1306.68493293183,538.869094871543,"China"
2246.26358249263,613.007544226616,26.6775561365362,1696.28776382267,629.019896127155,"China"
895.169476661685,715.417611593872,24.1761668995826,1343.95499055268,884.352690881096,"China"
1790.0707883905,494.070056494471,27.318562023566,1141.67654332241,590.369618920388,"China"
1699.07980558578,592.262241020006,24.1061052034827,1445.44686561129,554.439796359684,"China"
644.863468443895,884.865234131188,26.0211104629999,1933.73373962262,548.057502632956,"China"
2069.47866277753,636.074833714449,23.1848717468892,1564.94600154626,461.080404341589,"China"
2219.77799561087,582.73215252021,23.5481475849959,1039.93246725564,682.281071347276,"China"
1864.13183003687,579.965306340584,22.9853108874893,1846.72193439523,246.412611856549,"China"
1526.00518721099,702.13088588022,26.9529936034326,1245.58494097948,778.420949778899,"China"
2042.2581406346,762.299319301104,24.4259536956821,1085.45898619469,452.817120974921,"China"
2181.03010108285,550.705863843549,26.6202160008876,1325.46132767637,387.71948094832,"China"
2052.10771713146,461.91920218985,23.7447415247837,1331.69771391367,608.727623806394,"China"
520.807167944613,544.54533693336,28.7555700242259,525.237008059248,805.292003208689,"China"
1135.53781025143,540.610583247078,21.5043142279921,1325.12221369168,664.429308418861,"China"
1930.3747692532,523.571439777688,22.4410527132989,1987.43504502085,563.545108252371,"China"
2184.03264340595,634.582747979762,23.4201508986063,1577.05762842808,566.716654458881,"China"
884.865575137371,659.223304494867,27.3544052887565,412.547339839025,687.861256751313,"China"
1853.92334632526,745.736369312107,26.1725218478286,1726.07237971463,997.057743908614,"China"
1062.18747310548,428.902387437581,24.4644676550983,1302.25371262791,467.526843972216,"China"
1163.22804721035,544.683550497568,24.8385336709702,1351.04739864081,442.444881824271,"China"
1910.86722922205,10,23.7462148507823,1304.55114598202,487.067853639622,"China"
2593.88497527923,285.095209771704,23.2191966043296,1562.65079362445,380.739795486423,"China"
1296.06255267493,677.349211605931,27.5907674572641,869.83901448852,579.796948615788,"China"
2035.57424198485,260.07139054439,24.7327859519357,1221.67755176694,715.489224618059,"China"
882.750234609946,618.238360929119,25.6309287817741,1715.25665428649,805.617462858548,"China"
1515.98599231964,673.526437449415,25.6877991773667,1562.47157335416,579.169446025224,"China"
1560.28994380309,381.302180153614,22.5920692300231,1430.51593799716,664.756084678823,"China"
2468.67238501384,466.490467708452,24.0976498572036,1678.7527663734,512.224582379935,"China"
1441.94713740089,691.829412031192,23.3886349833483,656.897870575537,775.647923280789,"China"
714.39385385048,677.281949475079,25.9295419403899,1152.21075525963,862.607852541501,"China"
1702.19991905384,513.30242171453,25.96026467848,1834.39244807546,599.702771729742,"China"
2135.93850759244,515.742188136753,23.9996529556197,1438.64658120231,690.573845218291,"China"
1141.51693031023,853.023212406965,22.8340102635607,1189.70705432717,618.027132940608,"China"
1676.27962838048,529.806391625751,25.268467092202,1161.59775167979,778.939971556282,"China"
1514.05198180296,641.570957214747,25.8794280072055,1111.19693035559,553.89089929908,"China"
823.655732672412,387.72080970377,26.3659061375764,968.562346872012,645.072829889568,"China"
2457.9319354926,598.342322101108,26.7876022385123,1603.2152317678,478.589133864355,"China"
2590.29131703961,309.683708807806,22.3703811623983,1208.26823184236,644.290490071983,"China"
1499.94441935459,565.759688441187,25.8756951177518,1686.8376695552,596.615502214886,"China"
1051.17362509328,481.196746437995,25.1751518034915,1273.10062453182,580.434631853098,"China"
779.182756694848,510.143352368218,26.3315068627443,1023.19198891396,510.609638814114,"China"
1677.58888654322,718.537410336383,25.9453025782779,1314.84522064816,453.527826273359,"China"
1606.81716522986,401.08417187091,24.7786027861938,1083.6417356979,571.930023031245,"China"
1657.23394997641,471.097559646396,27.7602712358179,1268.64232645762,481.983931218017,"China"
2025.20987838414,412.410109756182,25.6330743776235,1093.82003226197,580.86641261496,"China"
2650.06867783576,663.883299807196,23.8665837264132,1662.81076624679,436.835719692005,"China"
1571.9391878348,341.316861834076,22.9651659894424,1394.83275092779,740.138002380712,"China"
1791.40301653161,568.52998372709,25.7545511563098,730.444643044297,630.695315013983,"China"
1598.14495437178,435.880347885221,25.4949753122337,1210.64522217295,553.920873367601,"China"
816.626251525616,497.619315441847,23.7077301458362,1204.79897059543,600.782181247583,"China"
2594.76778675928,490.440293580087,24.1666141980577,990.437555768698,687.545081972464,"China"
1383.67319985411,420.723717707894,27.5126147663045,1336.18674729263,602.211962146382,"China"
3070.87715119471,451.341305649388,25.7555048180594,1797.03275656081,436.062365409418,"China"
845.763050778462,648.719244119819,26.0766970275933,1451.57728032437,725.01911928605,"China"
1231.09362992616,706.89790079362,26.8840650837298,1329.78804086421,691.528019667947,"China"
1556.71539805043,691.618652249776,25.7772576394992,1886.11837631031,509.927894669232,"China"
935.647408221761,774.715534689662,23.575129521462,1055.55135347795,748.230625840428,"China"
1468.0347954133,459.198702402759,23.2070920245809,1723.86041359509,343.517472255478,"China"
1866.092098078,703.131132574633,25.6573038418173,1065.87516317621,695.025633882009,"China"
1116.7063599836,548.949607299043,24.0284905647732,1152.42410722069,788.611565857681,"China"
1648.33792376689,390.666048226771,26.2990845534589,1412.4948407943,592.081894594629,"China"
1322.6956767717,745.346116199114,23.6574207117006,1908.29823344271,676.299603006257,"China"
1439.72694334068,554.819386385515,24.5506244174283,1435.71209254912,617.657349207437,"China"
1608.04205926983,498.54559753847,26.3365854579494,887.298852935427,598.391923398324,"China"
1628.21166349518,637.616125512745,24.2199659740015,2030.97839029732,458.015769790672,"China"
914.309044082954,628.309882543056,27.2482461570316,1025.78374235105,397.233612800244,"China"
2356.90255357294,495.152686645035,24.7462407647081,1684.02743069454,412.402172106032,"China"
2067.04690096064,520.346019616364,25.0494748283606,1304.76199844864,501.679721838515,"China"
2722.16632721764,219.794476837542,21.9029784071375,1571.0943798846,375.113131880419,"China"
1720.58362703045,507.835929431754,25.3964947988555,1057.9816038633,338.422939167464,"China"
1207.76387600275,542.680652082552,26.1031699483823,1606.72110706007,846.06039583616,"China"
817.31604017074,641.747902902015,27.0728924661728,1135.08559806327,807.018452497864,"China"
967.054467270275,881.893670527928,27.3125727229507,1058.66766722801,688.670792094996,"China"
515.068087060757,654.321374568369,24.1251201807415,1213.53840175214,905.071646809762,"China"
1044.2860052872,420.869578049275,25.5980326933515,1532.97819912531,453.377623704083,"China"
1068.60398696924,580.8974864148,24.9987835278021,1677.64352554019,789.33811627394,"China"
1308.67482596803,561.183749241313,26.5658329680747,1646.70068184117,785.362534687487,"China"
1777.0019919411,670.984314437339,25.6359276081039,1243.77323412672,433.926633752787,"China"
846.948827220486,585.161956132264,24.2122045844005,1513.57089686155,579.787020748464,"China"
1732.57690175191,675.663680996428,25.1725533735147,762.448245100719,548.824267833742,"China"
2362.1679978609,501.081649692783,24.8364240979768,1118.91072178328,619.885911321221,"China"
3362.89207466788,368.180915754378,24.0344990633745,1211.14732082241,270.521133568212,"China"
551.397959955962,500.371506000815,25.171993584149,1466.04330708987,551.154238885853,"China"
3300.90162817541,406.3275813757,23.6911889215584,1267.22262748337,524.298749378656,"China"
2571.74375763339,596.180353607704,24.4589232583588,1635.93366520842,545.57692158666,"China"
1319.6340170214,338.199533734589,25.4594870721555,1848.25670759293,606.269624195967,"China"
673.931785503574,481.068137603829,22.8290358755029,1675.13490029764,611.392033718005,"China"
789.157758656742,681.892212992491,24.2713477115096,644.226298652163,706.5319302209,"China"
2468.00582035235,462.052578417775,24.4073668549904,1071.04151598346,522.126769093042,"China"
1865.49450820199,909.902347192978,24.0190413007413,1208.44587585182,560.366875823152,"China"
1194.14583813302,611.226004625652,22.5270710629439,1280.72446650988,727.831436639128,"China"
433.08387009208,621.098271659556,26.5965573827401,1153.73216330577,670.977535562409,"China"
3052.62737259333,622.771696507872,22.8603691300765,2175.96686049393,549.185884345176,"China"
1788.11990523825,438.543562326169,24.2019827521498,1555.08669021683,630.33198064919,"China"
1695.54613090318,621.828076789447,25.9358703984791,1265.55980506015,516.549974083535,"China"
891.724426784206,546.623193167868,25.9961697263381,1947.55577621534,899.365770972946,"China"
-8.91767268581896,531.507585905366,23.9629541140336,1877.6712710924,641.624560722319,"China"
1794.67602647003,483.423022195414,23.0329343800615,1226.80415308397,417.328187539933,"China"
1252.32436043626,341.971577812064,24.8759876996823,1351.89673243942,614.181977412032,"China"
1806.9309254493,589.913610092577,26.6466000563867,1484.75998561912,487.961752786014,"China"
1713.84367299898,547.896210556106,24.066013295087,1792.39417697631,737.020573455941,"China"
1129.91891282214,708.335479838336,29.5785378343318,725.978972981223,665.574049129554,"China"
2693.46151507047,458.48438299997,22.808877241767,1285.51770630415,476.967784137956,"China"
607.165039007232,667.413924289351,28.5124967389865,288.378312931682,707.021569869722,"China"
1424.028574943,670.00221374333,24.7123478530555,903.330740976866,491.159415193562,"China"
1873.92707800482,552.713304197371,24.7333859796309,1801.84704922391,763.342184440666,"China"
2278.84403921108,506.556191789992,27.1933505534203,1024.48120362404,835.03461553431,"China"
163.728373789268,709.461193910387,25.7217261150976,1081.08434779113,596.13620273895,"China"
2471.20246201644,501.650111004467,26.5058596108911,1519.39203534033,474.642922953583,"China"
1960.91606435678,610.864993369627,25.5886125678282,1616.40611243239,673.139761640946,"China"
2541.40340971444,447.105058489509,25.1455176801535,1228.6168105338,376.758410480791,"China"
1646.92342610114,718.653307238826,25.6111120487269,936.108322053244,718.646832484062,"China"
1936.16561755354,556.827422198851,24.5287745267677,1403.24364962847,583.24325839313,"China"
2980.67947927995,412.101269401329,23.7932125959746,1885.1212705525,533.905069492761,"China"
3172.00983173855,689.113031977862,26.2985634026171,1142.17884533828,461.435815419258,"China"
1357.52972048404,707.768704202449,23.2861068238653,1369.14532719406,615.995944749155,"China"
1669.23655393196,446.368784152852,24.5783107546774,1400.48802783191,572.960250365363,"China"
1847.40231072285,514.962268815624,24.1287950451078,1089.68146315717,585.631324221053,"China"
319.778626820787,559.760439731976,26.0989569879091,1344.33550780349,585.274969539278,"China"
1418.78620128108,456.630232533696,23.8660228055698,1514.76825365844,583.170623938337,"China"
949.594143151867,809.440666036128,24.6646118738259,939.368895739824,847.012866503092,"China"
2387.94102995961,295.609673258214,25.8029187785161,1207.28924382118,578.750741035239,"China"
1635.63199553547,515.24739424548,24.4842869734233,809.483041074797,633.293017257141,"China"
2037.61123771961,719.870329618841,26.3107786664892,1074.36378250122,570.413646040242,"China"
787.104000142766,593.568698859812,23.7318943339845,1013.56007990242,662.131246927177,"China"
1931.41045725294,511.73082378775,26.5442340358621,1750.01722535961,542.344771089727,"China"
1935.48353690182,542.793649627223,22.264462630011,1596.18873412223,648.761452799976,"China"
1623.64741333168,437.872356078234,24.9499198872349,2014.29274974538,775.534970694245,"China"
572.884069213088,760.216150618199,27.4317292823684,1019.01817854509,564.058255696949,"China"
1746.30700669525,616.382693948326,25.5543177187,1853.33971361819,700.89950537606,"China"
1151.98632849475,365.456016748067,26.5431462321387,1060.67673107592,543.212329341273,"China"
1664.78560743684,734.679739201821,26.6308647148609,924.318729400734,602.602002165384,"China"
1270.83657692612,488.324052961346,26.6604914272975,503.278775926597,594.848293634864,"China"
1974.76366929511,796.970893325413,25.28374997651,672.706525071566,571.937217442114,"China"
1600.76578678775,394.575606491132,23.4200074650391,1878.26995026339,445.34233615826,"China"
622.306645470901,696.829881914004,27.4758455921021,1175.76242120102,617.161463806532,"China"
2061.82069909609,422.84670742229,24.0638933979457,1850.94189492806,748.015989720711,"China"
3329.05280600303,541.044115461924,25.3582922782038,1665.81745661131,400.263952401559,"China"
1224.60193715918,879.408082763159,24.7679439563832,1481.86020503077,680.522202399628,"China"
1805.51379828425,549.843678150725,23.2237778842985,1579.13694951053,497.292035765373,"China"
2759.83771353101,314.800786400763,26.7691018643003,1405.14297868538,538.7027356575,"China"
955.314838558334,499.000148267481,25.0875083550827,1447.11918379262,673.696270188376,"China"
795.114097621867,638.853433911719,22.8222563062605,1546.3447252297,533.301058462728,"China"
1721.03376607728,617.055202415371,25.5873899828643,923.221365148464,570.081834255951,"China"
2203.11889125994,286.834204608411,24.3120431760088,1606.55837493249,593.908871397815,"China"
600.354104065643,667.210295350779,25.3054914027878,1578.60130357978,752.033052168279,"China"
1532.61008459906,739.732072325663,24.6262349976249,1170.42797384717,696.547731263769,"China"
651.695054712873,633.890983981863,27.1082042205198,1368.85301799243,410.596481186794,"China"
798.572923444043,657.062985075745,25.5885509854958,1036.51008866712,674.101717201806,"China"
2694.96811498239,426.229700468161,24.4948401735168,1005.57086010798,636.762244843085,"China"
2618.48325600993,405.567132847141,24.4305769351647,1535.24744585422,405.620871303551,"China"
1729.67309323199,782.193652577395,24.8569047570881,1402.7462917132,860.313304515557,"China"
1122.41566822627,585.529277373288,24.8865866269505,1856.12549546319,497.95908891966,"China"
1830.06741528363,831.054827749576,25.4707876583726,896.360527763725,646.079567867932,"China"
2018.55826330872,551.304682646356,25.5632206778076,802.304077349396,653.532527663822,"China"
1986.11532682483,511.235089515032,25.5006147892389,200,591.498314384777,"China"
2251.52166697518,345.063609615915,22.8979312810686,1286.20235765537,506.782067929894,"China"
1533.76265503563,464.673986173703,25.3740818563797,1347.25033397451,577.548599673237,"China"
1644.84465143961,676.505600956745,27.8411444399628,1333.0487507041,547.462206751735,"China"
416.706221819438,954.764069633873,25.868279000787,300.150213833935,706.657849171413,"China"
1356.46620441117,543.687222659267,25.2417844490647,1631.42951060282,505.776429812663,"China"
1152.06047908532,673.656926981225,25.1653201366119,1163.13198017813,640.078980858787,"China"
778.074836755128,890.507166036614,25.8541400718521,1703.19783925529,747.555398925128,"China"
368.788346289653,762.489875917007,23.7140236836908,1524.10161889567,688.253917722854,"China"
1749.54523067662,726.315937147891,22.5338180393679,1708.85030929609,627.847351896464,"China"
1547.11371765817,787.594687412972,26.8181652375771,824.599132825831,635.776889908746,"China"
2376.62918676986,471.765301537707,23.45505473015,1418.78149305367,788.968840160467,"China"
1102.1579641069,706.566512055159,28.1809474497127,1727.3400326492,722.875261934667,"China"
2457.59728086621,428.513671676304,23.7656026176508,2108.31291670731,410.322292570381,"China"
1411.64196683679,659.394345995839,24.078304039744,1437.73894504267,753.9770386621,"China"
757.168468246389,345.234293350714,27.291120672988,949.198301010062,711.606667934614,"China"
1250.48144863011,640.411192617353,26.2114384492022,749.559330232272,627.297988282937,"China"
1274.92162497471,780.774420980133,27.7484078473888,886.762864856202,712.131041989591,"China"
3249.62679038828,530.388821456406,22.0495154668983,1266.78606212069,450.24774834108,"China"
2042.26048329977,618.119481159783,25.1186544835699,1137.12700356213,787.281285289037,"China"
1687.67830645379,587.874995869701,25.3504268878317,1587.42558012165,641.871761653947,"China"
2455.2972092298,466.736247923234,23.2880462053683,1758.27208834678,491.866577018859,"China"
1740.32307691414,863.938405195213,27.9075864909036,1141.94114225621,831.319162444639,"China"
1646.95886876911,688.909649916873,24.5850727050696,1382.79641123581,638.669479366046,"China"
2983.31638144569,443.430097910821,24.5285043410401,1449.25351440685,555.870757549174,"China"
844.998134958362,613.741163075322,25.3331866913615,1334.47702665826,615.638644973998,"China"
2288.4639061387,513.879227661562,25.4830826267374,1417.18133514227,451.716025533205,"China"
2604.96010870034,383.444503905026,27.1722197210085,1255.98133263667,512.845323761888,"China"
523.33158413618,723.248695302202,27.8924379815535,1023.93546099204,635.294745286875,"China"
1309.23195988413,719.451447969653,27.7574618019916,1245.55203596585,460.725181264146,"China"
2241.91516456658,234.497951240464,24.2080004851322,1349.3062368085,566.738359051497,"China"
2219.33241919021,349.007821229142,21.0661427000053,1365.62490343634,387.483460447689,"China"
1111.30545654836,481.516102762416,23.9767791834815,1706.11962127695,546.381225661634,"China"
939.310319856242,551.099255460864,25.2297775090313,1617.44594275913,814.520375590435,"China"
1387.87206454316,850.076440363107,27.8295753240422,543.70352415442,510.172115352419,"China"
1990.92322035573,407.536183234728,22.5537453306278,1816.29866420186,372.343861243111,"China"
2125.33358772714,666.329083972803,21.667047499348,2077.45038198447,596.303116627438,"China"
913.312249806034,850.617408150831,26.8519126409758,802.229619805767,422.675712136711,"China"
2091.46587414083,743.70354427183,25.3077455485717,1207.80332394193,582.653101757443,"China"
2258.38882199814,306.558549352272,24.5704185518746,1667.6445406212,422.565932306513,"China"
1891.5293334662,626.520521433449,24.2478456668233,1235.32767485071,418.352238001725,"China"
2217.13966580605,322.397413138493,23.9813130572723,1002.27114035206,431.905516083644,"China"
1543.01154883822,685.795107977295,26.2564461800248,1026.03047210794,473.18187145222,"China"
3042.0803569046,562.991083208807,22.7848862395731,1691.73559410056,584.513395085638,"China"
2638.59797796092,259.600475634356,24.690035895046,1172.50701713448,419.629544418336,"China"
1485.93532952965,578.467484742543,24.7070149655629,1728.89057284028,755.523294427607,"China"
2315.65124831122,391.819286790416,25.7720757797685,919.307019116766,433.898958261417,"China"
1638.85514595085,530.419187073599,25.7343755333706,1279.05116245176,676.556081768366,"China"
2343.70941892887,449.825928683647,25.3631761681117,1873.34486058476,467.536616749991,"China"
2513.22704825026,564.375934234048,22.9756601631665,1967.82420995923,326.94706539492,"China"
1217.17255723463,753.173524018444,27.5829822333341,1846.10848932898,537.091160751263,"China"
1046.7194746747,678.066351970599,24.0304567161064,1101.20905098349,642.248289247138,"China"
2115.43100915875,305.790479329591,25.6072422582044,1427.55073263829,634.587863371817,"China"
1094.22287204332,541.364281616845,24.0014079337785,1619.27095145882,653.234634844656,"China"
1094.15269965353,713.770663004536,27.3237953542577,940.116315912529,717.049780190008,"China"
1831.88772294956,707.02493464931,25.1625704572812,1345.91183086486,648.716471782985,"China"
3675.06952321444,404.506787586848,24.5506998422717,2266.50259653449,670.718972333547,"China"
787.532416679138,749.702864443393,26.301822616906,1455.85079496071,619.620956602958,"China"
2443.42681073397,332.702418853153,26.3213783448315,293.413125853575,776.479151161464,"China"
1686.66429909405,514.887069302343,22.7336534197831,1333.57656567846,281.525089015251,"China"
1439.77866787907,480.525762989838,25.0314430652561,1472.86130515434,347.178645466501,"China"
2137.47170097901,443.543158529778,24.1087982509019,1835.90204754107,450.952451799529,"China"
2044.17623051706,726.037323151859,24.8530758266236,1632.86300308851,773.599048599106,"China"
1743.86392567518,772.719677798316,24.7445493570268,1847.46257424398,550.820585601202,"China"
552.176484960054,756.877421777153,27.8271596542495,1320.16122859045,736.64837082879,"China"
861.088372767861,751.550885133933,24.7461694905922,1246.33775931883,648.586592856014,"China"
1999.70143379485,486.35221844087,23.896783863485,1164.93595326383,702.647911691714,"China"
2020.90013537163,531.988970799046,24.564724255424,1237.70539780982,666.425346315976,"China"
421.445538537739,798.873724300033,27.9955510857123,567.472392732079,793.009074036129,"China"
2486.39762182437,368.122507798623,25.218775815543,1353.56040635034,613.691389239649,"China"
1623.1187872931,506.35729828595,24.1584212160214,1818.98482564037,590.037180675537,"China"
1598.50644598761,728.94073735425,26.7276541124303,708.655406474021,461.550905894653,"China"
1630.29015704377,636.540944723255,24.9215055373031,1622.29940810847,764.031003494838,"China"
1145.30327718457,541.110134345941,25.9019451008665,1438.13044722407,594.146827801714,"China"
1151.94942825392,550.76976508601,25.9143171780007,1644.69264969024,879.931650812564,"China"
1238.6741387137,446.44916369176,25.5789533675817,1422.63605429457,664.958311693323,"China"
1462.64066790523,354.138561263993,21.0997705803437,1207.40658473245,534.424775246894,"China"
2411.79789187868,364.975737405309,26.6912081035093,639.391210979999,355.293954940019,"China"
704.159134682771,595.996576542037,28.4525179577914,1129.45686010738,480.910539690757,"China"
2442.56672714241,534.609330127179,23.5218992239983,1656.30720207262,469.854717949111,"China"
808.445675429761,804.883749300587,27.7950583876653,1205.17686788256,526.23035718066,"China"
1391.92892312919,621.373409840957,24.6353744148256,1229.9409486823,880.734144709308,"China"
2264.70874752207,575.083633244471,25.2109822848667,917.776070314333,658.293428938262,"China"
1368.4893818359,430.999489450567,26.793347038901,1596.154752093,585.807469433814,"China"
1733.55214944725,317.304690402015,25.1859474889509,1036.44066452525,614.474929710104,"China"
1217.11141064908,584.505686744672,26.149627099502,1928.58425818291,579.896417073358,"China"
1511.13277082128,882.072855860714,25.5373619990092,872.317898534854,519.969397239347,"India"
1641.76233231135,781.142340519833,24.3361213629793,1524.35621284326,468.917958528381,"India"
313.065282664048,722.657943841597,23.0872366568222,1439.10533480705,545.779741949104,"India"
2781.98370356304,376.494080455604,25.3317693614305,1161.14126721524,509.468724355464,"India"
470.453255470647,720.028881955595,27.4648620018246,810.486435771986,1000,"India"
1770.54378817421,493.624531750483,24.5231443870717,1210.07382650703,667.018581817188,"India"
1871.91323980436,410.408776077147,25.3385594649314,1550.82483520401,575.519546789486,"India"
2147.43787692682,408.791222402902,20.7192474963579,1950.42841377986,414.207460545956,"India"
618.722441200465,700.208295909621,26.9304128184594,1225.99107572355,517.93182466848,"India"
1429.30366919435,429.541145597609,25.3634441079673,1110.74898715549,692.1122336108,"India"
1838.29309730169,598.796225611805,24.3957935022197,1853.40820476023,520.650418266759,"India"
1405.1064610316,266.038962900212,23.9103950621239,1637.76359770454,674.506990108441,"India"
1607.94618931759,642.635168431781,26.1556916435488,1276.59605233493,455.013055173423,"India"
89.2938969218452,585.877909281967,23.8688597325937,1760.50853081221,565.133415307671,"India"
2325.35119857364,423.421021865288,22.2480536042889,1131.30097145021,850.052799009851,"India"
2514.49929416733,193.836769828527,24.9960264532907,1083.87124762103,571.619750397608,"India"
999.804757031705,903.160436629928,26.8256284601473,805.470119468038,622.230759016447,"India"
2341.22518704016,625.942836170163,23.3403685928961,1838.93023400911,673.873781730886,"India"
1721.54669288915,673.491568161095,23.1645510585097,1503.70757489452,821.147963737985,"India"
1327.76400061541,663.000622095894,22.2225953850091,1547.06984581204,475.91544739861,"India"
1040.87692301564,562.522271917019,23.6598211880629,1346.64658862256,575.652070423173,"India"
1639.94530419251,767.91573180904,23.8388835875909,1288.98733976168,698.498350285708,"India"
2420.9298366297,593.674377652939,24.6527837276478,1627.07388912843,448.926367681773,"India"
1561.20092050986,641.884858979644,25.207624209847,1097.34896055151,625.694052743987,"India"
2811.12125221184,259.38921576132,25.5128181846006,1172.18861695171,410.903493623709,"India"
1333.85930739294,572.314788352043,25.5925542270239,993.849814055702,568.201200598147,"India"
941.672524709316,694.435887121334,26.3993550016565,1202.64147344794,560.064661642782,"India"
1448.56767381457,711.240795989342,26.1220570910803,1522.39370525944,280.724847079763,"India"
1107.16075273684,492.87746212412,27.0189857741017,1381.20070911113,567.981161848481,"India"
1520.34680103112,716.597961981329,27.6843269922616,1073.58103103536,564.41983315812,"India"
2199.54796086539,286.76457748682,23.2508398786981,1382.20578219683,477.104102826933,"India"
838.730666348586,570.110553754969,28.0508550787289,1102.74919530996,737.271882700338,"India"
1714.75093043232,749.036198957125,24.4693281019606,1129.15386457253,447.601503098379,"India"
-424.778000803575,534.311856249896,25.3861078750477,1378.81995668506,767.772517437054,"India"
2565.89867923341,544.937277881303,20.9785581980795,2375.70587726666,423.485570025011,"India"
1338.32129129352,618.624627519161,24.3757161919095,1864.12299218527,789.456411689744,"India"
1141.41384223985,425.436185593718,22.9485233690293,1529.83512005968,725.385656793918,"India"
2057.39773032029,543.505623149943,24.8320144220568,1718.13907206408,510.711068345955,"India"
3318.73799080459,463.250703561707,23.9699637609999,1418.90902438336,723.032222151928,"India"
1097.19572228704,632.190273416481,27.693215628423,648.953481933856,578.954812204901,"India"
2006.95278066613,513.430410128852,26.1579687320538,1138.75435817801,519.184921119428,"India"
1709.60151781131,573.744888102109,24.219730521948,2448.25616545761,765.883645476696,"India"
1757.46428991583,424.317501602684,26.4404774840401,1963.66755406796,600.971952028197,"India"
1394.30669265419,523.488885587886,25.6017515874516,848.236189399861,484.858543850836,"India"
2700.01452214466,691.326767900279,21.1835098796667,1592.33674611147,602.031175809303,"India"
978.940969138263,862.271880108033,26.8961878909808,1476.28497889898,565.361629468339,"India"
1319.7072668132,799.668907735793,26.6662230849646,1109.89876108908,621.330572724109,"India"
1375.22970210474,469.295486819085,24.2426451613962,1257.54260110131,521.090552698705,"India"
2052.88891295026,309.602217522503,24.2559190510005,814.931683599808,651.540204828552,"India"
2527.89380746543,441.967129087679,25.3045670384747,1281.37291219131,533.068497122387,"India"
1772.02594687125,531.320530171536,26.7483888234574,1915.86071523022,553.860796722133,"India"
645.05100522697,649.264379244368,25.9742793191806,1776.84374766856,486.034905057601,"India"
1026.87753845022,570.257018643831,24.0898215767992,1071.02017213299,441.09199791901,"India"
1527.72679367765,453.710206002299,23.8946603756543,1722.88294757483,318.805931338714,"India"
988.3729450923,520.046859121592,25.9951734737771,1818.53863808866,756.020005259571,"India"
1955.04802951015,548.96157976254,24.7206831800405,1285.98191501654,490.629074904283,"India"
1500.44562923968,814.014181937777,25.2847068453294,1494.54381965747,689.475370456845,"India"
2124.7753509318,261.025233307679,23.5164872930315,987.03905729281,544.690443034109,"India"
2107.50618061726,513.05279662528,25.2589679959869,1306.34742763931,817.809986558968,"India"
1465.26320623023,472.003879586493,24.4725423404318,1584.50771770012,488.598201793413,"India"
1122.68597210712,522.289169254495,26.1127003641242,656.395556105492,703.919014299392,"India"
2288.52363034717,651.269751953482,21.5017679055851,1861.23962117394,431.204909286646,"India"
2221.32445240348,430.903869881679,26.7412648253142,730.606551135224,656.556175769167,"India"
1179.62763509199,680.346704228274,25.739623181334,1355.9979771569,494.628949319299,"India"
3034.76403196683,311.052358570737,23.1779659330193,1380.2952992585,701.611900119094,"India"
517.070830896559,597.218129137946,22.4384231206967,1877.23628869562,840.121320947481,"India"
2237.66858341699,404.485834766422,23.5561506406964,1481.29779659701,700.609755703789,"India"
2277.98303157913,440.235230004407,25.5497076362145,1041.45349545127,719.916633547964,"India"
1506.58904736621,490.85408943114,21.8620812444332,1932.90025485106,550.602492346626,"India"
1958.33150265879,429.918377549985,25.7410359809126,1320.74143252654,670.882533917097,"India"
866.197929099191,555.765322987663,27.9336862233845,1076.16411418809,728.449287386859,"India"
2059.23907693287,549.767474566327,23.9795711805548,1387.09897300407,579.03503663779,"India"
1838.74540291716,530.061205933261,25.7601748496937,1212.05321866838,721.439027563868,"India"
1740.01454328724,727.025053084952,26.0483638272413,996.126535047514,533.023440102371,"India"
1368.37219248843,673.335371264548,25.7937558984949,1295.80652079102,792.640957959943,"India"
1652.22344471484,612.311471417252,24.5066926375628,1507.54444898,665.5640651688,"India"
1301.61196297643,588.231168383558,26.4531376534037,1382.25256648333,467.772394650574,"India"
2277.17004174525,281.647876365434,24.5148451375061,1148.08491141302,602.476705619252,"India"
1278.53779740044,507.109008863789,25.5130457190781,1444.29557356456,542.581537021355,"India"
1060.0500587818,573.367881552783,25.6724180427111,1690.22016613802,554.674477075252,"India"
2532.14378007585,554.160969712737,22.5643354370448,1325.63124487758,451.399825138242,"India"
1906.36617930612,489.69372726361,26.8820101588102,1495.97188956827,576.898738976547,"India"
2160.5348006787,598.460004291237,27.9213691481251,1413.16060834376,725.791578662007,"India"
1952.18032381546,621.870651911001,23.961045777703,1110.9219808765,478.739069242507,"India"
2643.78650653281,475.874176709627,25.1271977346438,1771.12648454786,652.96316275995,"India"
2081.5407675827,620.117198945786,25.7262389232408,1399.81908243405,485.886960468318,"India"
815.223186203875,530.244081728493,24.1185484256733,1591.22546984191,622.97776525129,"India"
2208.16764115315,623.791704176184,22.6137329364848,1463.97955113613,517.930137671454,"India"
2261.59905691927,563.037965503001,24.2521556030516,689.405527073641,707.863422113631,"India"
1436.74503647638,506.997090471909,26.2024027580816,1225.4356769806,574.137275267432,"India"
891.660768121623,687.139291825705,25.6083162083878,1404.02558476122,663.931040282817,"India"
153.167804067626,563.513602711606,28.8338197506803,1187.00785067555,570.643777406772,"India"
1333.79790979067,646.216698680383,27.5812873141286,791.343015265521,660.20955259842,"India"
2387.53583395398,691.124090886463,24.203114594905,1088.07871910818,588.820564090995,"India"
2169.92206689476,210.435598368025,22.6043194495501,1399.55105661711,612.453685955385,"India"
2359.33565226497,603.000125677491,21.9817557980039,1380.74632628722,539.519028885712,"India"
3059.94186144377,458.086670768114,24.2625493978587,1743.04954506353,485.528805414923,"India"
1990.64933801201,550.929451834054,20,1687.5876442039,505.013967184129,"India"
1739.50622317452,472.207534994888,23.6672080867471,1359.43439081632,655.052293781577,"India"
1940.69997712399,517.345629463983,24.2260922729029,1756.27853674681,607.395752966855,"India"
1671.12966387636,546.412966954218,23.0775524531911,1588.78853946529,756.818066246456,"India"
1904.54753337978,387.797069757191,27.0192903488733,1245.19466578064,475.253015726656,"India"
1252.68116115772,839.421095391854,25.6334006362317,548.859677097014,651.253798489263,"India"
1499.10074882982,545.134326924899,24.5288614402611,1744.47523904281,624.897934808146,"India"
1330.23991041111,473.884729358983,26.4392296803613,1432.61399212329,599.478534385073,"India"
2159.71077738132,645.671527407393,25.5025453695364,1211.9726889067,645.543800232058,"India"
748.427594167256,446.236874032771,25.8985117707396,1596.32635023795,677.420534304855,"India"
738.939215444601,735.054453117931,24.4282058741263,916.393067050841,522.280206746502,"India"
2078.0482381983,742.84267833871,26.4633935879946,1500.95360915836,478.233646502328,"India"
674.304034829598,657.659944727704,25.1497050398899,1311.82242705416,661.840027679634,"India"
994.447667898483,726.203470814118,27.9764414072789,1134.97188875874,353.458577336304,"India"
2466.45130628672,555.649606823945,24.4410530254349,1161.36510303716,621.373701295343,"India"
2468.58038838151,575.671500409779,25.1334369107852,1688.20370429011,620.03577065031,"India"
1129.2580458615,286.377410944398,25.0270032944816,1102.22764034261,628.795955981317,"India"
1986.46155201388,727.799733816654,24.6180184076995,1799.48190396257,584.962390560574,"India"
1414.27130278564,410.001400430927,22.9268060631229,1827.7342535615,666.851572247387,"India"
1170.78221467371,584.576201893104,22.4262485592658,2067.1136819885,625.476641660393,"India"
1158.55811270551,478.89090555703,22.6000587695658,950.547362357778,649.639047648683,"India"
1201.2427656637,580.87343376609,26.3984672598127,1182.09038414971,373.49026151584,"India"
1939.87820281717,614.821640859504,22.7432948095222,1329.20348201865,765.10182727653,"India"
1553.28729455645,405.352599229787,23.2768485130151,1565.74397316928,453.491708896637,"India"
2211.29243528824,554.61866042991,25.2193297306296,1290.80258826501,724.837860433864,"India"
382.771617869216,533.618304470307,24.1297610014501,1323.26932571702,438.994278814748,"India"
1196.98792108857,685.051922472726,27.0442592795448,1225.65481078877,712.351677357808,"India"
996.794971927121,759.651733766151,26.4959356455675,1422.72437137761,618.833408695683,"India"
1277.64713387379,538.526332697784,26.2039344407235,1437.82488066126,445.43250290202,"India"
1781.96846279878,450.579934940626,23.4043284461271,1761.66022572611,558.240369804215,"India"
960.629794554076,660.055084460485,26.5990447794686,333.566628284132,621.699114372827,"India"
1451.72233230374,501.939331391818,24.8776808747457,1226.9829115041,534.662168247845,"India"
1734.68573291688,530.923962393056,25.600204062347,733.096366472666,549.561387773637,"India"
749.395124500428,926.270677073135,24.7350031946555,1799.34022499542,610.257434278507,"India"
1544.00805136992,626.004901938045,28.4152873468615,908.579960257149,611.937852658337,"India"
1638.8057490364,544.222421627904,24.2976016008337,1181.75800817168,580.09025212885,"India"
2563.27056362988,433.485095127921,23.7594451682226,1214.87452239817,641.001150680461,"India"
1497.89158943845,574.586496489724,27.3148183902804,1470.00508248714,723.574338179192,"India"
483.500365167032,637.902869208095,25.1893223207401,1569.23896453776,621.015139625461,"India"
1231.16087872481,613.740444359559,23.4775284070352,1925.74304368281,568.91489603693,"India"
1343.00888198342,568.480621367915,25.9193100152592,1225.91465803847,507.622799918903,"India"
1664.40099455101,746.174385395312,25.7403566214059,1439.24010605115,536.20011311821,"India"
1709.15880138735,302.807011896567,24.5567700463174,1315.09848656136,393.945700796793,"India"
2026.56836655452,395.350559577728,24.678194799898,1151.84976038163,664.538849450254,"India"
2265.42182594092,576.597654678793,24.2479109987357,1643.05717021593,558.411035651822,"India"
2048.06975436895,528.900748308088,23.6102601241987,1860.22703704509,705.4003666666,"India"
1144.20998757965,713.117321625665,27.7283064802279,1349.87976964574,531.316056347551,"India"
1143.07586260586,847.934553732346,24.4835946373167,1685.70064804624,624.700201628307,"India"
2339.28214682626,305.392478643514,24.9295518681671,1130.30083226666,700.400300129903,"India"
1699.24600278242,510.924039767217,25.8018115196642,1261.04066044679,420.4919456308,"India"
1171.60301228233,562.972212921258,28.47852652593,928.681345033364,747.375408400916,"India"
993.864242821971,603.473424315215,25.9167955417702,1153.84288096984,599.152505119709,"India"
2307.37401913285,305.300140538544,27.0935329400835,797.460508512252,669.264360946634,"India"
1328.18797913719,755.282619750939,26.6369999336692,1626.86919548025,702.732590765014,"India"
2091.67287248441,428.433018382288,24.2481295019282,1557.06556914157,705.347873811383,"India"
811.920711504456,483.88065908909,24.3703120869433,1216.11889079336,627.32414040155,"India"
952.509437980326,796.521870600164,25.9293097157444,1147.03784696607,679.231775604603,"India"
2128.29641874367,491.904496264573,23.2773237304705,1388.8826283073,660.606687471828,"India"
1602.64066132734,621.263566826837,27.0687933074227,673.164328790511,520.141672887268,"India"
2095.13280026281,620.370919504081,26.4725004109355,1361.43358143321,722.401840612714,"India"
1427.11748190722,585.832889765814,25.9929710624803,1173.65569405596,722.62265837809,"India"
2414.56590437628,562.389367537227,25.0384791641595,1330.00373332181,436.941720728381,"India"
2091.20397906167,557.929767179309,23.6084445607229,1529.93835520145,485.260309086916,"India"
2220.36499750601,322.675996057245,24.7426241415001,1462.23750080892,828.196393890385,"India"
1473.69247692917,733.984028983426,28.8216086519189,883.316980440641,660.091159105882,"India"
1440.40130613951,702.787114806589,24.0836354102553,1135.70102519551,955.355215361861,"India"
1941.12375143175,574.866543918373,23.7176837061971,1502.5999961385,707.804267947124,"India"
1644.90040273852,754.429080988777,25.4097046170761,909.795485672824,474.954355228782,"India"
1847.62072879663,395.270719209866,23.841149332873,1901.45494937892,537.163397166092,"India"
236.503937584934,714.343714005686,23.9128299583521,1872.70227132589,710.275883836021,"India"
641.934177403741,709.451220307806,26.9329613927559,1068.05577219768,738.653987173502,"India"
2557.09687193171,405.75109780962,21.0487036983488,1631.62625429574,506.459611591721,"India"
1791.46223886019,864.88503369522,27.0486881671643,1432.32777503861,611.674115887233,"India"
2645.09121583462,482.330858161426,24.6900111321287,1469.69134172814,878.303323612997,"India"
1009.33824129069,541.174545174366,22.6693448514477,1668.0865622018,559.532537229405,"India"
1405.1419125044,576.292637097151,23.2519372554503,1803.00510581899,468.9926754344,"India"
2001.03367880397,439.676084076662,24.5742922008627,1788.17103907119,650.299670470994,"India"
1430.1442556091,666.361826894602,23.2664328269176,1561.93916677533,854.922539255455,"India"
2325.8718071527,568.205582234607,26.9404873437901,1188.88302406818,758.953078113114,"India"
311.369737567933,717.200020707346,27.502464444507,659.712564966566,598.322103225129,"India"
1698.26029276319,510.32306803709,26.8640804623646,1483.26840597527,526.861333604205,"India"
1593.90305926478,462.207656252275,23.5148907103657,1491.51242978422,461.266388304301,"India"
1725.06180495599,524.509683138727,25.804050225522,1529.99192229419,572.352094240604,"India"
2186.8615530218,530.688707699272,26.989690133708,1786.41666754287,754.052082922018,"India"
-393.887861675741,796.62796262333,24.1541211874448,1360.96657418783,617.088918768357,"India"
1101.41037137152,719.442598544574,25.8145316097507,1340.70802848157,731.629324167019,"India"
2068.72454029126,693.439015950046,25.923421010577,1409.53569892292,547.539707208479,"India"
1021.36267947808,593.962111594415,26.4687629744948,660.218125059903,441.691138022996,"India"
1026.96827255451,757.399963235667,24.3694052144793,2299.89692017316,337.477845690871,"India"
2534.53344324164,526.404733771102,24.9614055988154,1506.34090638783,744.400057306398,"India"
1555.25859821647,498.725324246427,24.7279048087728,1290.53205166716,568.559934558221,"India"
241.835418545957,796.124481081073,27.5563217752033,1222.68054536798,491.655810367192,"India"
1780.18931557953,441.682142463868,25.2907686956982,1609.19929010455,838.091527376125,"India"
1314.31208637035,346.601580748044,25.2053924988918,1269.85518059195,656.516138317364,"India"
1460.65612623721,391.366755272887,25.7076954824702,2043.05192600132,574.862897756522,"India"
2107.74640702075,576.695659158929,24.594153613899,1957.94768209262,577.426811534594,"India"
2343.26856883339,536.634963125454,23.0423598802742,1309.40248132054,510.272134500326,"India"
1997.0948389883,479.032058429343,22.5481808387823,1356.24624391696,612.597942837221,"India"
1906.36205173795,399.556436815439,25.4524976167946,1260.27626917996,607.145957642479,"India"
1960.87490071469,604.025319497969,27.1035002480489,1502.96541703347,591.011642986806,"India"
355.216908913391,722.77985962184,27.678954701366,951.296245055449,438.042501919275,"India"
1669.25267515233,805.726306300202,28.5653689103852,1071.32507603198,793.03608147211,"India"
2200.50553607816,556.394976757842,26.8579732318297,1421.61075687943,713.237566960737,"India"
1744.43178876659,790.233148533652,26.1962046579181,1079.00733410021,541.128907505702,"India"
1374.68687679926,559.656501076078,25.1667519085885,1330.08471086377,396.908608616699,"India"
2620.78095126574,553.867138107484,25.1118406692546,1778.6697309892,475.158455586794,"India"
1593.68397133986,559.067168208788,26.325116080862,770.3095125314,383.460040400955,"India"
2123.44987893063,420.50244432057,25.554426368181,782.592907085477,627.137122478866,"India"
1196.91079590561,878.977807908027,23.7263255021749,1241.59173046019,553.494178046808,"India"
1902.55303912614,690.460670367045,22.8224576898379,1452.39982242711,683.831251006751,"India"
1079.16615651659,587.133927251958,27.7420843670638,1066.00059785253,307.522730307453,"India"
1449.94690539256,542.027244965052,25.508437563555,1178.18606540532,659.334956545252,"India"
1701.216160464,629.294757786596,26.3549120423654,1921.19644008078,612.544616898357,"India"
2070.76465739279,582.699700380349,25.5006291018701,1301.51744120615,511.509085478018,"India"
1965.13496952048,602.025020254249,24.9830691499142,1136.98156753163,535.536422765241,"India"
1181.7658592474,737.53599332634,26.5900721811772,1155.90304108148,577.98315190889,"India"
1052.98203426378,679.712674412147,28.363668378516,1367.40232520815,537.712552292817,"India"
2230.65233949527,419.997099994609,25.8324847636078,1118.70084207491,663.923384700602,"India"
1274.43370146448,579.716743804905,27.026708922666,830.689878146087,685.408285337818,"India"
1713.26576465471,177.569462453906,25.1315864257036,1678.33943352752,580.057004832591,"India"
814.095050022721,437.785605996021,25.3811865158097,1461.26690187647,836.417468561112,"India"
2015.08107581983,402.107889130653,26.5512113655589,1235.58738004791,843.065227552418,"India"
2131.9808940323,342.140546084055,27.2445217766778,806.687196997982,566.965751923262,"India"
1102.10094174707,483.615600857931,23.724710323636,1897.67254529348,517.173148116197,"India"
1216.76707834414,270.908542894293,24.1908922593038,1584.61103191934,699.98176681944,"India"
2472.92843465534,470.493170590729,27.5672712227171,992.057640533422,619.106450818985,"India"
630.021360548598,864.978669825077,24.9615844732169,1037.41887632037,569.758952925025,"India"
1307.57862326846,621.038622150149,28.2615517771622,1117.45597416996,618.506357331674,"India"
2495.12408736948,551.537396465782,23.4624459208171,1250.1919659995,472.90959274133,"India"
2147.28777867717,711.910247090923,26.1360110358755,915.253839245391,548.222788966694,"India"
1854.30433912855,468.698563069452,22.777427881411,1045.58194913635,437.832825775558,"India"
1065.57950668986,383.13412883593,23.9701098726095,1619.796503771,382.257393148471,"India"
597.039699569605,826.951798379137,25.2556505038366,1502.85116241405,504.875928993454,"India"
2132.04381884866,325.462283554159,25.3424834901794,1338.49805225739,573.691456780674,"India"
1977.30037537212,165.778402694585,26.0903977187664,1444.36308243543,536.361360626769,"India"
1618.90689433006,238.776655234758,24.8939960947544,1254.25280060328,687.134348521376,"India"
33.0837834628996,764.439961313388,25.2601165985953,1787.2468734481,352.415272542038,"India"
1823.74785894251,611.253637601839,25.699616271729,1116.86007387898,542.748964649927,"India"
2608.02050633383,643.378444926497,21.7804505273098,2230.70038859982,510.089172602732,"India"
2097.13767839976,460.009252522747,24.9640185472141,1408.08325316482,443.28932284191,"India"
1295.31219887477,729.878677231137,24.8712929564798,1424.25067816966,696.567438239985,"India"
2564.8131514967,399.398757329079,24.0574927839976,1464.93102213029,735.159512295655,"India"
1108.65152151052,627.112025666688,25.1218832994247,1436.7745637262,524.46791313065,"India"
2127.23156608666,690.482735389604,26.9295263179046,1403.59665350394,373.011949919482,"India"
725.783488831908,837.85295590475,25.0253412949411,1702.25925711945,419.713938376097,"India"
2580.95761312825,459.009119684794,22.4397385569282,1669.4854873832,826.145402709526,"India"
1080.56238450723,606.438898811235,23.1322740724411,1270.19212800765,583.624458804101,"India"
1741.71540494344,525.405362989314,24.8221746419994,1415.22614290967,621.258013559127,"India"
2002.96044380605,683.928631307197,26.3613406007253,1529.23960815605,748.740738916166,"India"
2365.84807571769,595.328083270646,24.5110838230426,957.904212333231,583.074744526154,"India"
1644.8718552661,694.734793067379,23.6052632844958,1205.5661591868,657.812468418041,"India"
1178.47989145407,470.124805388065,25.163223788351,1129.15468151712,739.583408831417,"India"
67.1533041532662,646.308611431831,24.9941382040954,923.243494229873,590.436369745353,"India"
1604.50535621766,754.137835206899,26.1023755396057,718.98737960492,414.083255185035,"Malaysia"
2083.10621928268,480.071629453649,25.5440169019011,1553.64136863804,486.772282695791,"Malaysia"
1211.04585792353,401.336842480349,26.4339396247398,1511.80360030716,600.03427832176,"Malaysia"
344.038082233436,716.699486773263,22.7905447794337,1934.94152088212,860.589045564035,"Malaysia"
1353.16339461041,549.461631974663,24.3133227038202,1663.28249686169,920.642475287627,"Malaysia"
134.860198453247,748.100044988869,23.6637985158387,1952.93337877749,656.014583730061,"Malaysia"
902.926848312783,766.039102725487,26.2624507800754,1658.43998060787,556.256698528011,"Malaysia"
1508.95119502626,302.857369915039,23.5967126058779,1041.47214495153,238.115607156186,"Malaysia"
1588.69515706336,484.188829702241,26.4175383997809,1520.76032252149,417.113109716912,"Malaysia"
1647.80610515523,582.991513812267,25.6965090372659,744.172320260912,540.163474201493,"Malaysia"
707.362161011926,343.37699317294,25.7499473704788,1330.97735294019,849.009431782492,"Malaysia"
2345.25622614874,449.78229506396,23.7103691552614,1185.64414109368,652.538635637264,"Malaysia"
2035.25255222962,763.746199819204,27.7809591295105,939.475360251277,300.852844236913,"Malaysia"
1253.18575235049,853.958589640496,27.4837521831225,947.436406829094,871.075544693678,"Malaysia"
2341.83641101932,581.231663469347,25.9306028774837,1986.89147422083,508.281647533246,"Malaysia"
1913.67715783392,545.76378329657,24.5604960965519,1144.49351311383,657.011952860857,"Malaysia"
1143.0583827158,746.203634160596,24.5112433557442,1890.67178261069,411.583922333475,"Malaysia"
1492.34261180542,797.628962770244,24.4179103501336,1772.35772491626,556.985309964109,"Malaysia"
318.451198660874,602.151710928809,24.7848746966376,1518.5331700556,673.280813490578,"Malaysia"
1484.73686914895,793.553461234956,25.224313378364,1430.5186304643,695.797083603684,"Malaysia"
1498.77419243874,696.568494756136,24.5989391336065,1368.04106402633,510.387390954083,"Malaysia"
1972.31656891652,977.107084576491,27.227846308736,1772.07858429223,645.660701301572,"Malaysia"
1658.44908417496,424.562660284463,24.1067322833652,1377.68332708381,660.090860727562,"Malaysia"
1093.28692737632,766.124478271744,27.3772849533378,1020.13736911371,434.855465895338,"Malaysia"
203.488461193632,492.658988033262,25.6103107012777,963.603177266023,440.434795971628,"Malaysia"
2648.33818510607,613.075197155732,25.9400302335896,763.924942419672,672.757790486395,"Malaysia"
2116.67879245744,539.497321588315,25.5816255315095,1828.9021746632,773.850879650311,"Malaysia"
1521.68297702364,632.301369292873,27.1113032338001,870.586204997237,456.486035837681,"Malaysia"
1405.91470744142,453.071245827833,25.1332830297952,1714.57865833384,590.376977613456,"Malaysia"
2196.84848011056,492.235437428057,22.8454187202595,1812.16215482606,435.904549047036,"Malaysia"
1216.13506640153,889.132157148491,24.480210335794,1478.13319398489,398.525250688633,"Malaysia"
825.546497710094,756.954966354021,28.1326546659312,1417.58247011571,729.62017480996,"Malaysia"
1587.19527344998,529.619624731037,26.089526647328,1293.72080087429,546.413519913471,"Malaysia"
1287.65161492466,717.459954237959,25.7095522807971,1554.45190542407,826.548328216593,"Malaysia"
2349.54880765841,452.65464510489,26.4219089177797,496.633604983312,479.796227545655,"Malaysia"
816.396553308391,600.244488355629,25.171617527851,756.08751008936,875.037124548729,"Malaysia"
514.699339682929,553.765202682234,26.5315010797403,722.908024618666,896.281991512913,"Malaysia"
2221.91735065049,343.957842819871,24.667906283771,647.360908998217,600.674466828019,"Malaysia"
2507.00494231821,437.74349162782,24.1296120386459,2138.69377674571,803.501500647865,"Malaysia"
1417.27375318981,470.887846575267,22.7851117344249,1540.65273781844,608.33515619179,"Malaysia"
1360.54520172424,549.11029292342,24.7724285001585,1544.16715841731,366.188776205663,"Malaysia"
403.777329862278,678.663072186368,26.5446796414629,582.905722937216,616.807546943457,"Malaysia"
844.975939028971,659.31258283576,27.1579112811884,946.179455011304,761.469173392241,"Malaysia"
1412.15322317098,744.283190496944,26.759997289767,1550.92140643515,627.884087263482,"Malaysia"
1951.41742457569,729.770168679757,27.7584239971092,1339.25543088003,604.665801285827,"Malaysia"
2425.04545682174,664.793913003349,23.1082731589028,891.281608280927,462.613842658317,"Malaysia"
713.612259045142,897.900450232623,26.2293252232255,1269.636263539,544.111833757693,"Malaysia"
640.615849670305,858.061899249449,28.1226260813069,544.473790779959,836.10538132401,"Malaysia"
1963.63114899767,536.077421475316,27.4550484855154,661.922086234327,745.656095730261,"Malaysia"
2489.97150684397,444.533199268921,23.3993944863373,1895.63098629495,743.886739591818,"Malaysia"
1166.55633068086,632.074284031024,27.2519844377606,1522.05489408125,664.766556725468,"Malaysia"
1586.5095227787,527.631234648863,27.1039974585291,1564.33099567854,512.599333325047,"Malaysia"
2250.57535885743,352.752858440978,26.6392925913108,1628.36454388622,510.585824422285,"Malaysia"
1063.0963787949,590.352620615383,27.3080670680454,1323.85296455748,447.916146628114,"Malaysia"
1050.54507530286,754.097921984998,25.8555597373887,1081.31583741328,411.249301574601,"Malaysia"
2193.35496683956,451.993919736492,24.1907874081593,1378.56970487727,425.47204444725,"Malaysia"
1381.98444526308,529.645302571738,24.0110702384907,1440.69244742132,440.404763111499,"Malaysia"
1743.234570866,362.375845704365,26.6093067936619,1836.38116450059,600.494387129128,"Malaysia"
980.144127771669,637.315640601225,28.1921544412964,788.840291862271,534.131368337192,"Malaysia"
-901.347336445009,917.44269807066,26.0094007670153,1691.39975466765,427.50134509747,"Malaysia"
1470.3243747909,589.148551065271,25.0075376936758,915.503712548386,591.157028481319,"Malaysia"
1640.20201251114,524.046273717922,25.5144955768635,980.772848466574,475.023213378514,"Malaysia"
2579.12865820083,391.054174740874,25.381127870178,1008.23887481093,772.789894649873,"Malaysia"
2182.54100222997,429.162725746225,21.6917643377685,734.202486753441,692.783174555826,"Malaysia"
212.404568607998,389.981126707706,24.6887323693571,1594.31894090649,798.125325324788,"Malaysia"
2239.59981355662,578.949811762433,23.724971170773,1802.5735992264,765.888504928568,"Malaysia"
1609.83700624081,569.458116979841,23.8594274292191,1224.49276479265,751.757383987579,"Malaysia"
1564.0139313049,459.73382706234,23.2155629906188,1827.62672794755,798.885659798839,"Malaysia"
987.84782532616,770.253283655045,24.9106156207452,1095.73959913684,788.976190658705,"Malaysia"
2748.41288028697,559.166711156171,26.2188984306293,653.952290332263,492.897341679976,"Malaysia"
935.380661640056,449.604829607879,26.0724267221704,1358.18000723819,823.332903888328,"Malaysia"
991.979328307297,486.078150070011,29.1609566551575,770.583479204893,626.37222746823,"Malaysia"
774.242303643427,668.675185662173,24.9572039307457,1244.78542124642,617.413063333571,"Malaysia"
1055.05062205629,361.080902155929,24.6912826414984,1372.22243687774,589.917932208723,"Malaysia"
298.652118843931,542.067822400028,23.5165528825481,1450.27433977822,713.202682345742,"Malaysia"
1787.10971971829,452.554898315565,24.3474493865777,1443.84862528821,758.158721293868,"Malaysia"
1969.49554024253,377.911617029473,20.8115012859997,1645.35654097798,491.475512149759,"Malaysia"
1099.98048942006,753.752949268322,24.1060682931406,1587.53660155381,269.653966275148,"Malaysia"
520.572782643873,469.138360549906,27.806995222923,1219.17022331229,747.852362456261,"Malaysia"
977.22452013498,770.672658426697,24.4241195702072,1165.58896158879,606.134571646491,"Malaysia"
-41.6432023544118,760.797956344371,27.8606116392452,1544.62827835533,769.997955812001,"Malaysia"
908.74151798324,573.266273294087,23.6399882479045,1222.26078137826,584.703817631648,"Malaysia"
2291.2087578484,389.492671402047,23.4635962177607,1886.8441176057,591.760877248198,"Malaysia"
1938.43056133883,304.638277514013,23.4036688183701,1565.99375414227,629.612536116107,"Malaysia"
959.211435536897,513.869820066735,24.960108943407,1589.64568578543,840.492679438748,"Malaysia"
2042.02729314897,725.908309123184,23.1571915236126,2420.24732554661,749.313594514247,"Malaysia"
1621.53079474353,739.992976691159,24.545633076952,942.885034888203,314.905633382736,"Malaysia"
1283.749978051,543.075950004878,24.6575746835652,900.911914916199,584.218798721289,"Malaysia"
1386.88838478919,604.133146513195,26.6376913800591,1560.89258615861,590.371860761082,"Malaysia"
-151.557855188396,741.545181937154,27.2354404447963,1038.36308043227,413.852525289562,"Malaysia"
1444.81730440157,510.890124946047,25.1461172786772,1261.08140128436,540.666764796402,"Malaysia"
2022.25600841467,472.660611977031,24.5208698592006,1523.73811938375,694.409874108902,"Malaysia"
974.557748846806,817.140085985855,25.0308006950598,994.522098720764,533.451063642374,"Malaysia"
1259.99769482062,603.011018240516,27.9666227164816,1474.98069449066,582.176882330077,"Malaysia"
1047.66965820514,684.176917274805,26.0217311900877,1295.38465060339,611.345009810044,"Malaysia"
893.057988027464,437.856004478993,25.136336003534,1349.12112893867,467.698873295642,"Malaysia"
1036.55405253253,648.953508995179,23.2889447679445,302.862955598508,396.40010002583,"Malaysia"
1542.16023447491,774.687118974645,25.3651166609599,1002.38308990139,531.181338547011,"Malaysia"
1478.75511114011,469.246616562981,21.5667549899434,1138.36341183413,584.08906837256,"Malaysia"
3124.89916417403,562.057668740956,24.7984903002905,1924.79090997536,403.224336250501,"Malaysia"
1250.43006637359,539.513599437677,23.8090439793723,1432.61351939272,865.263172865737,"Malaysia"
1622.16983012013,580.783634127555,25.5247271632121,1076.85852538587,470.623332277312,"Malaysia"
954.974622842126,514.805469136706,27.0899025509577,1264.30255730635,503.529374088346,"Malaysia"
1270.40979884102,762.950812880891,26.6685324763237,880.509913428222,316.339587397288,"Malaysia"
737.813753030793,651.343188232031,26.3171538484976,1343.37179865875,853.29115387507,"Malaysia"
2894.11350696223,441.618097948439,21.2595292423016,1591.58949406329,591.007195530057,"Malaysia"
352.541897944241,702.882556871796,26.3823931148351,995.354779774838,515.185724494038,"Malaysia"
1343.72184108278,438.109376639823,26.1860738012181,1243.63036264673,491.58431670141,"Malaysia"
1539.51280898364,559.172465980596,24.0561075261601,1918.84060706219,585.197066441244,"Malaysia"
1418.96517986733,844.647161273936,25.9847233653359,1523.14108589476,663.469097232074,"Malaysia"
889.154817822422,526.385236654722,24.2716068869362,1791.94544989195,678.285915023581,"Malaysia"
2063.24155702582,579.52849284223,23.783505041182,1908.53444513957,532.612057806555,"Malaysia"
519.838280591822,590.90693656637,24.4487485605202,2080.35811967576,696.330290721413,"Malaysia"
915.203006042431,558.9657207827,23.3083300599402,1499.86385856625,505.68549103023,"Malaysia"
2836.42096769627,452.366594451968,24.6544078205069,1330.15923090749,736.029382825035,"Malaysia"
1572.9417607396,676.707894038921,26.8990067672063,1418.51000762279,644.702296464873,"Malaysia"
1424.29650697911,365.628518235727,24.540097322038,2011.34642844931,842.421758441045,"Malaysia"
1228.68031045702,427.24383983389,26.4803719527752,1639.84141384772,299.144409576486,"Malaysia"
2211.66709982448,482.98529170664,23.8368638408066,1409.13670559594,674.992463287277,"Malaysia"
1027.68821627157,856.3895437087,23.765888460298,1773.83143503951,698.6036055357,"Malaysia"
1784.20341810953,697.413444163878,25.0567165099664,1411.16829211021,727.492934628495,"Malaysia"
1712.04791561947,427.033396101249,26.0951442033396,1327.48734200774,431.524546753944,"Malaysia"
1789.80082630222,530.920943691399,25.0827988131058,1946.28476110384,500.859257898784,"Malaysia"
1405.63283033935,521.232272028552,22.1075649393939,1677.26811425363,536.916879726823,"Malaysia"
1166.59190746952,673.370620625784,23.6960296110629,1418.75893517201,608.574104567834,"Malaysia"
2727.52423724819,666.540408763577,24.0682953214974,1378.80155045705,540.568704120653,"Malaysia"
1151.01723198614,424.944184217049,24.1292061190453,1532.85666602435,877.300465902651,"Malaysia"
776.680280258185,897.018448490615,24.5606858145072,1536.93332341774,587.206098711614,"Malaysia"
560.488711122252,638.703356440898,25.5631630844021,1490.25162272061,776.239605267889,"Malaysia"
353.392899716704,487.591639193847,24.5842059191379,1275.1879553884,718.379676564876,"Malaysia"
1974.60324436961,411.929903965959,24.3918720605215,1739.11686540824,341.117936727283,"Malaysia"
1525.33625517123,768.179062947395,27.7463991526346,1188.61236426164,519.006079427567,"Malaysia"
1964.40120400705,559.85117917363,25.6759811455925,1010.44127445455,671.870232201079,"Malaysia"
2557.41103593767,414.942697716359,25.2814461810555,1293.72116818072,917.032623496435,"Malaysia"
1009.46437006943,562.046327044256,28.2720575158527,1226.05770341016,700.329514146583,"Malaysia"
1014.38442686953,586.330287294385,26.0765535348383,1549.62422108619,615.833574103684,"Malaysia"
2257.31013870397,529.599172810774,25.4964150743995,1512.62846097734,419.428542377044,"Malaysia"
1915.29390250364,493.779228347105,23.36596170742,2496.50198859516,831.558479207689,"Malaysia"
281.73114443849,723.885449958644,25.0772091252496,1636.22055509775,494.613112742262,"Malaysia"
742.806568431204,886.098398880928,26.441487501512,916.280458522763,285.190864821163,"Malaysia"
1509.46411585653,504.033307883171,26.1630584527793,1297.33325611804,932.263372890161,"Malaysia"
1754.91397682705,368.010637570449,25.7654121545267,1692.73101403462,428.810140237657,"Malaysia"
2055.20212674504,634.483909392774,26.1566764520416,1565.83719738173,610.055388823891,"Malaysia"
1281.0985543246,470.148174129525,24.2647188056421,1441.90813531018,592.017623066168,"Malaysia"
1478.46669428274,475.760904332096,23.829326878196,1334.73827407362,770.965043826761,"Malaysia"
423.244397445077,659.697991168786,25.2659210591855,1017.91274011867,425.674864365466,"Malaysia"
2258.11948637933,302.096770931314,25.1378828653152,1014.33015355011,366.837591909984,"Malaysia"
1235.69847267191,845.940765795884,26.5370329706118,1508.27760878372,681.072410567563,"Malaysia"
1665.85752636136,359.484077020285,24.5118530189112,1345.93716467321,519.55143489282,"Malaysia"
2451.82045545129,622.307557836504,24.7962507413976,1349.66840295608,396.097827130129,"Malaysia"
1737.43712403658,509.088866908851,26.817764451661,922.587815193328,468.109328674051,"Malaysia"
2156.94454713,427.182812443244,27.4266950687019,1047.07762877844,549.521397620186,"Malaysia"
1629.4566486707,352.77739378037,24.6943050151083,1827.13713829025,661.456281456114,"Malaysia"
211.274761023548,448.236502511484,24.359849165328,1356.10828560523,327.501720332066,"Malaysia"
1357.44085375853,569.138266009104,24.8632807353137,1266.53456246612,511.355506950508,"Malaysia"
1767.55876197287,481.008728238869,25.7424681950196,1613.92794715932,575.779027494088,"Malaysia"
1410.51070856643,463.092571462169,25.2881318255103,1052.04424741773,751.186498487674,"Malaysia"
2402.69794051868,688.281568423602,22.5453192482046,971.796660523472,648.860127045838,"Malaysia"
1491.1039139906,745.768114783349,27.3132593799724,452.496226486916,253.637931581764,"Malaysia"
1255.07201943311,685.61024578464,28.0796415831999,1085.50347346541,540.595055949315,"Malaysia"
2186.46124986106,518.409856911816,24.2723012870058,1039.36349403763,619.221032650403,"Malaysia"
1017.89275573093,659.486930761816,24.6764350969122,1056.44902223801,588.089544768135,"Malaysia"
1177.94411849739,600.053623633985,25.4275663723185,757.698789283117,885.02425552913,"Malaysia"
1605.17138823486,678.776180470563,25.1981188576473,1280.5796589872,644.41493218904,"Malaysia"
1230.05012268163,453.318230263673,21.8461431386959,1790.70513088581,416.428616145715,"Malaysia"
686.408814419312,769.806283930416,26.902429129155,1338.47476110593,559.231314015939,"Malaysia"
1136.67717208871,507.789298627297,22.4959541838194,1486.01281672653,646.964611925737,"Malaysia"
2043.08376154118,528.924230956653,25.0622925823368,1708.54789807767,829.205094488036,"Malaysia"
1671.80755836656,533.965395544864,24.0184701893401,1301.0707643139,803.164963095138,"Malaysia"
2276.96866598382,221.033969246374,23.7939671683374,1004.93600044038,802.023225603913,"Malaysia"
2078.83632086822,630.058045616189,24.7214745456515,1405.9014031517,535.257817332207,"Malaysia"
1595.15976721596,491.401747762272,22.8333232041593,1367.31499554509,867.820512290605,"Malaysia"
537.501945299828,682.100423073026,23.9626307274203,1999.6378021522,518.651542714704,"Malaysia"
1004.77399801001,420.819805244852,24.3923431840298,1036.66851127155,504.064851947859,"Malaysia"
2478.01312987909,517.513792440915,20.9846443036003,1755.55215375919,851.708372875044,"Malaysia"
520.10102289445,604.106842888541,26.3126949417331,1213.63640238579,629.862625608881,"Malaysia"
771.640573237111,900.834555301668,27.4831583040969,693.661575511177,707.435600677197,"Malaysia"
934.594115837636,674.771486155006,26.6607254329411,1648.2912776047,557.671651414585,"Malaysia"
1675.01753036473,629.58450913786,23.9882407682857,1262.38878019756,877.46486669715,"Malaysia"
916.996164616112,556.966793975079,26.2287445780629,738.805724853212,562.645874095001,"Malaysia"
747.25660065484,602.04271802448,25.3583848386668,1483.53559024241,804.290930341101,"Malaysia"
1172.49733602469,668.563435750404,27.5407502311492,1412.36073920719,823.113686019317,"Malaysia"
1637.04738858177,463.324825125771,23.8805561387103,1850.78597039305,534.212841596072,"Malaysia"
734.667575989908,665.717935728162,25.7266434317443,1799.69343657377,485.3303720929,"Malaysia"
322.433540098212,629.280299849919,26.8656136564213,821.79952137412,391.445159584378,"Malaysia"
1370.10966177011,853.906142748669,24.0533146340684,1584.35192625819,609.02664776843,"Malaysia"
1551.6082252363,671.557588377483,24.0843623666941,1655.56656887717,775.393742781771,"Malaysia"
1393.3985702959,738.222560553339,25.8098733115592,2027.16024850243,433.839656530072,"Malaysia"
1584.01209237633,447.784482901226,27.6683439219212,1187.2407099361,490.777118788049,"Malaysia"
1616.09190527554,578.819780165583,25.088516441711,1449.65782275925,734.435001661793,"Malaysia"
3172.35115550186,453.938936042054,26.5267935384222,1406.07321820947,190.009864251284,"Malaysia"
1234.67452326522,644.213341804587,23.9179736406742,1413.22616128102,534.308347799014,"Malaysia"
1299.88942490027,586.800669491616,26.1071683394954,1087.07189314836,924.975549325302,"Malaysia"
1658.16629355857,584.890361417332,27.5952601388781,1280.79565882905,480.662565170941,"Malaysia"
1648.84992366548,486.290067604991,26.2181530145917,1472.00501040935,294.343640796272,"Malaysia"
2362.34788059445,518.056163969244,24.6726229980748,1854.8475359633,459.571312752379,"Malaysia"
994.772150732405,918.820632073884,26.9731280834527,1586.83920712895,440.034432469779,"Malaysia"
1564.62018801566,371.427038511643,27.0255056818608,849.408413910579,638.212585985009,"Malaysia"
2829.40421467994,835.897779216784,24.3257120461394,1516.7734621354,693.571534637561,"Malaysia"
1446.43643898315,467.561309255904,23.6219980960784,1632.9732776509,865.682098421974,"Malaysia"
2150.03410284389,566.868046244578,21.1643924974335,2071.83610174398,539.336626378625,"Malaysia"
173.955113945609,425.100726068129,26.5105137585939,1161.12608876,695.845703916369,"Malaysia"
1182.49088970562,448.358654956486,22.425552244321,1597.16418740097,813.025860037078,"Malaysia"
500.370439876252,581.258436083676,23.9198762080582,1321.89398320836,432.595778886639,"Malaysia"
1023.61900276979,677.331321382868,26.152904232675,630.102462104958,246.47935087406,"Malaysia"
2809.37413962886,421.861200100676,22.8304839077732,1449.88077060776,487.486964187481,"Malaysia"
2370.3833207035,365.476683597304,22.662863203652,1759.1892002349,578.326418007928,"Malaysia"
2154.89991693478,456.47290172733,24.3662147512542,1851.16827487011,442.734510416687,"Malaysia"
1254.95862639308,540.418316532467,24.0636736820413,1599.84654807822,626.425712617737,"Malaysia"
409.24737504321,929.610398083032,24.478740741516,1045.34091885151,860.711294128527,"Malaysia"
920.587695401234,671.246696403596,30,1205.40052307459,378.770156972751,"Malaysia"
1740.32914683348,441.437353905129,25.974285044804,842.174859178537,573.669908050062,"Malaysia"
2267.236498011,356.364549652306,24.1777370875382,1470.93181750714,635.733411499462,"Malaysia"
927.786616341517,681.934803237848,24.0149405875973,1061.38204713347,444.635644998108,"Malaysia"
647.178431639045,533.076164077471,25.0213659335719,1332.87155226327,655.686976006488,"Malaysia"
1480.00650360468,933.590716950973,26.4145017327243,1330.61167868145,635.691285496582,"Malaysia"
1908.2994353559,600.768314819058,27.035286302801,1087.68161670714,512.009545955499,"Malaysia"
1029.63317222825,509.334370671615,26.5998320611273,785.732372168042,403.184664844244,"Malaysia"
1236.88429091349,500.81907503928,22.9372398020597,2028.84736115751,878.571964078776,"Malaysia"
1126.64094488956,710.459827231015,27.1195657963728,1199.6043182181,563.960987693289,"Malaysia"
1654.22476637257,693.683795924168,25.0514674497694,2069.98561273878,567.670745477041,"Malaysia"
1537.89551395887,500.329079904098,24.5560082539549,1325.36440514639,758.523723740494,"Malaysia"
2507.67087376061,652.530667132721,24.6929911207403,1484.12223371643,424.809244408274,"Malaysia"
550.669264785372,520.858680153976,25.1022774874683,1195.24297019941,469.583667010936,"Malaysia"
1133.21237849115,856.642375854392,26.7845175904443,1278.35772214751,573.78117820268,"Malaysia"
941.041990731054,601.305531898001,24.8456654367452,1717.82637531917,579.342594668871,"Malaysia"
976.439466562498,812.663086961905,24.329823893404,1266.43511302501,643.822104219331,"Malaysia"
1647.43613143855,598.260754486409,25.5889527588419,709.539958636527,715.404508882953,"Malaysia"
1541.06964291059,504.681476448946,24.9818470183244,1495.14965066867,847.695695896187,"Malaysia"
677.641269115531,569.024486943608,25.5051495289459,1055.40421701889,401.533333732417,"Malaysia"
2131.68405393124,346.434922501649,24.3944937660816,1692.7204581119,528.901450054751,"Malaysia"
1518.80863675067,664.282662895964,24.5814739801802,1426.45321189537,532.578396591496,"Malaysia"
737.419609605966,436.612420746401,26.3168103774117,1345.23843322713,917.806423244974,"Malaysia"
2168.24438493719,479.67493268959,24.2356152168558,1069.39391717467,597.597673251811,"Malaysia"
774.475578163237,537.525609958863,23.4626559579943,1336.68925402929,562.918464275286,"Malaysia"
1402.9242418665,692.528514921407,26.1912668824438,1152.38528517519,676.710096727013,"Malaysia"
1330.79753476065,578.487865644241,24.1513637897423,1628.3184803929,552.691900919074,"Malaysia"
353.81911238311,531.078986866647,26.5276749270207,681.65410326599,764.88338439799,"Malaysia"
896.255736514676,697.862710148811,26.4328932995165,1744.2850113828,637.675402590912,"Malaysia"
1317.5401242934,734.774553395844,26.0777972418344,1906.38832370225,617.577228852399,"Malaysia"
1240.88825969331,460.218513985874,25.3851003660372,1441.23105450174,150,"Malaysia"
2411.54481599088,720.93387213931,24.8151485114752,1651.56299774772,306.771654042799,"Malaysia"
560.443711895479,800.466774501951,21.5465470974176,1990.04496531291,572.536568047519,"Malaysia"
938.570228679778,702.77018609206,21.794941316878,1330.03711193435,475.535303390839,"Malaysia"
1941.98843591921,587.26342182843,26.9152897359833,887.764176303889,812.789976019652,"Malaysia"
1410.21973204323,883.231297192779,27.2785944685782,1454.99339560117,626.500035718377,"Malaysia"
1518.17564135799,485.164110177038,24.9983014849939,1499.26086856535,347.655631930092,"Malaysia"
471.683788157832,902.857122761286,26.4875270623446,1021.51577451544,548.935375106704,"Malaysia"
1653.32284142393,542.172978124669,26.2479379329936,975.992712187885,548.581476903586,"Malaysia"
919.182674847118,754.003099588705,23.6795524293838,1222.42258051366,662.572964926236,"Malaysia"
1727.01479770668,667.095738717771,24.8640055640347,1675.67040316622,680.854394470158,"Indonesia"
1040.32423925008,704.362324659826,24.1918535160031,1609.99899343094,838.230777340455,"Indonesia"
921.732091695208,653.997546583965,26.0384810958381,1369.81165129204,552.303927972105,"Indonesia"
1461.37743798825,471.26499200597,25.3574184981974,867.462491861472,632.946352680977,"Indonesia"
-37.5269770409453,656.733830839321,24.2413216145668,1517.86445780046,571.735123324853,"Indonesia"
1399.83945882831,694.493430827746,21.1516057844207,1764.74696810417,614.780466337506,"Indonesia"
3273.05446062053,491.468523513016,25.1159915426379,1468.76853004056,725.995858007243,"Indonesia"
567.228995811216,721.176151702171,24.4004233565082,1032.69214294335,482.488177946762,"Indonesia"
3053.41111853623,506.179777761229,21.4042554353577,2198.83919878569,481.618165798016,"Indonesia"
2404.7473481819,510.469389938815,24.9397876132251,1916.83500480177,587.399809634788,"Indonesia"
1361.03573870158,456.841117338296,24.8859311205765,1042.63535781339,677.812575352166,"Indonesia"
1388.32930029431,472.183858115368,25.9570207065913,1034.10146570063,640.86428130575,"Indonesia"
1526.98691708358,779.434204063277,25.0887365085594,1386.49007372188,484.888422992133,"Indonesia"
2084.78086097882,254.939415217176,23.6920327876292,1552.32007325708,456.621930420134,"Indonesia"
1842.82738466531,435.717103361926,24.1022007014415,1531.70807873999,576.569301728463,"Indonesia"
1964.3792563358,838.109984535444,25.3961867409195,1974.48549423087,572.376776969493,"Indonesia"
1701.47997616354,404.044712380105,23.1512776789789,1810.05311562481,607.014585265221,"Indonesia"
1851.81754585878,432.114085694277,22.8109378307007,1817.71868752792,562.57290149398,"Indonesia"
858.60157648858,586.405714598426,29.5583785743562,1114.63116050172,315.218600780968,"Indonesia"
1991.95568886923,741.81180398849,26.1605385727702,1339.08020553366,595.855054471118,"Indonesia"
1850.7352428257,517.325444056362,26.6800223648268,1661.87816605807,563.634946144991,"Indonesia"
2147.58409956036,439.933294262259,24.8958640713255,1511.04634845065,484.209696379743,"Indonesia"
1640.11026405519,364.47910894228,25.3274827093246,1334.56299880659,677.35518763922,"Indonesia"
1198.31108030653,834.174181873711,24.532443760855,1497.23619371701,505.710454444377,"Indonesia"
2453.06084505323,476.858081301988,24.4825138948969,1637.04381107796,572.315233000256,"Indonesia"
1348.8240839605,497.597948897956,24.3715815348459,2221.61921495052,645.123823053933,"Indonesia"
1303.59960999297,669.100625539039,26.568281427475,1265.0623074671,785.998029845154,"Indonesia"
1415.23340357503,639.018656404214,27.3250119601251,1061.96462375573,349.867468616566,"Indonesia"
1325.80884976103,469.979635451431,24.0264243145437,1405.79622009472,676.914471665684,"Indonesia"
2039.61823221415,468.084686183321,25.9102249783303,1755.38646308317,720.496693425304,"Indonesia"
1930.74063308021,509.386918374453,25.4057172971171,962.973251213306,618.137255628497,"Indonesia"
1333.97197657551,623.570859567301,27.0054919553085,1233.35824523891,586.279288553109,"Indonesia"
2229.66117336161,614.256018270496,26.3250905620875,1582.65785279481,798.584541901695,"Indonesia"
1105.54307920501,550.701954481406,26.6734765281339,1391.93504247145,622.040232454474,"Indonesia"
1608.42711806471,752.382408810618,26.7161105014557,1244.23727251789,679.852646845021,"Indonesia"
1025.08555915081,781.203966031858,27.3722348702146,1462.40252064573,403.537213120515,"Indonesia"
1713.79399249209,763.506194184037,26.3984818499614,886.520733771092,637.207777039633,"Indonesia"
1198.50361406431,342.780539084704,26.0956150852619,1738.05201930161,454.530586698079,"Indonesia"
1619.11249884619,455.31244139049,22.9174715401958,1691.44362389037,546.318928776126,"Indonesia"
1424.58081765708,607.120776306343,24.8473999676949,1323.13580740816,401.198844710996,"Indonesia"
1699.21478202255,641.760351155801,24.6718121988067,1120.80149639116,472.377304541365,"Indonesia"
697.30348428757,545.974910792027,24.1193515822871,1355.87126244794,609.774033199579,"Indonesia"
2558.94568934223,434.076138275754,26.9834185901052,1157.97035233944,865.851938990366,"Indonesia"
1174.99600931672,554.474113966859,25.0262587440435,1242.68689539336,594.554829297533,"Indonesia"
2746.34045825988,442.729844172562,24.8923606371901,1355.59378037691,391.435102148422,"Indonesia"
2210.54376348916,481.703356686625,21.2717903310627,1975.15704128566,642.714618050819,"Indonesia"
1646.64933267806,519.794350432516,23.7550967615359,1656.00748711926,638.977803594848,"Indonesia"
245.188807241322,689.880827361767,25.42448268543,1695.25660343856,619.486887366411,"Indonesia"
2146.01179611136,377.214093009435,23.9287107169014,1482.88958072217,525.533372406751,"Indonesia"
636.284733646743,805.308338645949,23.9342568072982,1405.11551599153,665.169880917925,"Indonesia"
1562.98611268432,718.079802684516,26.1662910726586,1059.63714487566,513.203750671875,"Indonesia"
2352.33430929474,562.80358746069,22.7424844951226,2420.33521581862,788.681172385166,"Indonesia"
822.7530579811,644.288277319169,24.0700270654747,1522.1498622587,490.704403915159,"Indonesia"
757.633123801327,598.504762135948,26.2437809519995,1277.46832372482,703.515279578145,"Indonesia"
644.651593009403,730.935511978346,26.5796837464086,947.76930043841,512.726319706987,"Indonesia"
1327.42291630965,713.027581238836,24.9236288287203,1824.57413214578,489.689131527043,"Indonesia"
1313.6077937525,783.843294015845,27.5015635351202,757.480883986377,625.578344147786,"Indonesia"
1834.83519358753,555.325081102602,24.8734117765896,1531.07283312007,471.777921991729,"Indonesia"
987.978183479183,669.371446964866,25.7905286188747,1255.1955612145,597.108259325775,"Indonesia"
780.692521295955,856.802536147516,26.0089089428121,1009.36988442484,473.246007445516,"Indonesia"
841.542962156255,590.602441353706,25.3296033552386,2074.49533482208,712.922140607011,"Indonesia"
1564.15067399017,746.275682390617,24.6088772720889,1856.91920974685,529.876384543814,"Indonesia"
2286.77219336002,585.346252373445,26.5639611982087,483.904407225989,629.230592773236,"Indonesia"
2100.65040174073,711.077926869534,28.0259297650733,420.098356059542,541.372821545834,"Indonesia"
2401.68360828629,477.88899285637,24.8925152420416,1332.65633084732,851.253448076403,"Indonesia"
323.673043854308,952.322554551743,26.3891862457103,1349.40968990187,627.250144518789,"Indonesia"
2041.46225852856,398.237168626438,24.8236858482793,1872.49199399118,640.173543366296,"Indonesia"
1048.39554759345,737.717131713047,24.9991641329797,1422.26724413775,581.894677892836,"Indonesia"
719.684587853213,528.260106091274,24.5476347942798,1684.63514271234,715.922815170027,"Indonesia"
1811.15356682675,796.840132516693,25.6199270570202,1107.45438210275,502.551217352294,"Indonesia"
2117.25542782474,532.840126574523,23.3421404626476,1327.14498303048,750.688431461983,"Indonesia"
515.452526965134,694.391673052309,20.8851849114347,1869.73194665844,621.950492221891,"Indonesia"
1616.73268695153,459.212349316829,26.0504525004382,1453.54974816962,492.448522300123,"Indonesia"
1948.32953264219,521.194552416456,24.5371263227058,1567.72002164783,733.04650359526,"Indonesia"
813.871671014558,635.778416617008,25.4438602505677,1789.77288800451,688.603210412851,"Indonesia"
986.615070411979,787.630413261876,27.3237945554455,866.906001012105,598.228083316477,"Indonesia"
2138.75857760251,428.546225085566,24.3832213352865,1048.72927864088,344.270895239202,"Indonesia"
1553.3261059458,552.402637064295,23.7910210691318,1517.02152434665,652.459256522239,"Indonesia"
1112.11576594934,617.408905943646,25.68687214788,1744.23114156314,684.717605478799,"Indonesia"
969.653654025514,707.994391601378,25.9942986952824,1194.6386507324,485.649371090158,"Indonesia"
1746.04304605838,526.433648715293,23.7291669423557,959.047493656263,691.991649413785,"Indonesia"
2210.09634580412,801.060841043479,26.3755832171329,767.122073197078,570.754752055824,"Indonesia"
1112.13363595726,790.251549657192,23.1446797894771,1524.91268920126,521.430646583124,"Indonesia"
1830.27366414078,308.319246586639,26.0920405724659,1549.68671392284,658.585868686556,"Indonesia"
1258.41599028898,824.993099385687,26.242274141039,1206.92873211774,419.439182658054,"Indonesia"
2116.48620085521,665.58889650774,25.9023137924603,1289.98108383588,732.03982055931,"Indonesia"
1661.31622894302,876.662332048278,25.9611209833991,923.041787447763,622.773936494135,"Indonesia"
1228.36995679997,705.097991491561,25.1069022093748,1117.32267541107,437.851173934052,"Indonesia"
1700.46958864232,612.532232209212,23.6726258565671,1946.17201941772,662.264931300247,"Indonesia"
3143.6942003081,329.004886438184,22.9753618598465,1080.44301682642,573.224869262995,"Indonesia"
1785.98226114464,500.931315999925,26.1309128456801,798.034422371374,649.22290496851,"Indonesia"
1517.79376241326,607.547520824354,25.4845799396015,1632.60991059466,867.932994915407,"Indonesia"
1030.29649261862,690.455846285667,25.4156799945259,1074.70577033786,613.380338892383,"Indonesia"
1561.0721215688,554.290640835277,26.9767453901169,1298.66307096329,557.234271878992,"Indonesia"
314.185263510454,320.880233200169,26.7049158371192,1548.19933122269,518.782118519889,"Indonesia"
2695.28397824582,540.96165783842,25.0461357902969,1192.73831883586,548.545893551464,"Indonesia"
2722.20686197572,490.077871489676,24.5116952374509,1735.53872961936,538.092290196021,"Indonesia"
2613.75505637593,312.504895671304,25.2482805932398,1267.68772683853,404.99786963647,"Indonesia"
1583.91838076694,657.919519373287,23.6936884214198,1283.55603648489,554.755173948561,"Indonesia"
961.888556169199,673.258324836831,25.8200171020519,1048.0706114053,711.707357947627,"Indonesia"
1107.51493488089,576.520445894761,23.8035262933407,1730.35663420182,568.417830682317,"Indonesia"
840.008625189455,773.827794941825,25.2713085748887,1449.56479820482,729.21272232726,"Indonesia"
2764.39934534383,590.288164093011,25.575909531718,1120.72832837839,653.572285342312,"Indonesia"
1134.18538373049,620.793152344403,21.3411996524258,1928.57132567809,469.110661899676,"Indonesia"
1522.82092876389,695.862693849327,24.0282356096401,1183.85309147207,569.293012388977,"Indonesia"
1575.22587057043,649.874689166439,26.3505041341988,621.939516539836,625.110824614006,"Indonesia"
638.355493347269,840.059660090627,26.6861317408508,1337.93070396096,644.522323894747,"Indonesia"
2929.40356587973,403.16250589402,21.7854251312289,2116.53217271253,580.200602973751,"Indonesia"
2107.19192755566,643.086801728926,23.7108403360597,2500,579.570904929663,"Indonesia"
1775.1575237989,551.505669737003,25.8662403219889,1306.40928060537,619.378751617455,"Indonesia"
1724.13695625181,569.439079743389,27.5062262858134,971.006661142193,557.102516258076,"Indonesia"
1039.91731513911,717.03673267157,29.6132782876933,907.683757779411,546.215732647403,"Indonesia"
2754.79375277738,300.954103969749,23.6121557957818,695.064666921604,837.658847139687,"Indonesia"
1357.95339628879,562.314131819909,26.4000612529428,1181.66527025077,391.958441264272,"Indonesia"
1302.6321903041,771.981181285702,25.7674219061968,1724.74081512896,445.781971506784,"Indonesia"
2205.11120941993,486.917024285008,23.5095884529434,1977.73693823484,725.780474818454,"Indonesia"
2341.14492575756,623.548171363736,24.6419154827968,1371.13479610217,788.539267344082,"Indonesia"
1720.88932704497,656.60138032242,24.289216407333,1829.04527324852,678.03053495311,"Indonesia"
2846.49073727374,330.076348117459,23.6417933126497,1713.65831932098,557.82459041419,"Indonesia"
1534.9555725996,617.266658332132,26.6987470615508,1224.08879720491,539.006232702892,"Indonesia"
824.490399503408,822.815095368293,24.9546321624918,1258.17260987589,738.213888822943,"Indonesia"
2255.29723022906,419.270754571579,24.3808646966626,1827.15022424272,668.938524620814,"Indonesia"
2712.36273251689,572.437204972203,23.8040608488402,2374.07104445632,506.4567318584,"Indonesia"
1330.35750674393,730.406470465074,26.2077492248396,1813.63015648942,598.638130577201,"Indonesia"
1417.59017477743,564.593581287108,27.6005218226446,697.124993719392,596.970998618662,"Indonesia"
323.373688267777,503.452388067082,26.0926742334149,923.797763733127,568.930404509773,"Indonesia"
1798.39197409616,322.432934873058,22.4205819793894,1320.19648713951,537.444288577823,"Indonesia"
1418.5842402218,761.738614657931,28.3076188073153,996.591532340217,806.600293524126,"Indonesia"
553.616567295846,725.797180408844,25.3924373450842,1048.5898174978,477.685930579571,"Indonesia"
1404.73555296253,686.165732371033,25.5766612136437,1450.59337529416,270.861611314562,"Indonesia"
1872.90136827118,413.33878620833,21.3172276126902,2086.71804297232,559.326020560571,"Indonesia"
741.821302813507,475.457300886859,26.5507734058497,1641.35255066348,712.061617921367,"Indonesia"
2203.58072323483,771.350624049432,27.1164484863497,669.00387094917,710.805899992759,"Indonesia"
1724.72027763756,520.485954203537,25.9429106439516,1895.99048140911,586.897292469678,"Indonesia"
1603.02430163949,626.07059799605,25.5790788934184,1472.3075220212,703.071756580114,"Indonesia"
1390.60546241557,688.304394310682,25.8789640119297,1193.79530590477,504.155212454566,"Indonesia"
1641.51788248811,663.717080329713,23.3437091979751,1635.8376604976,447.074104224456,"Indonesia"
3022.99908714985,459.615131356564,25.7447218573015,901.749711902735,365.535147043976,"Indonesia"
2112.79527689089,475.243879590289,22.8403852942818,1342.04756549489,495.792349276459,"Indonesia"
1279.40032105132,556.221076941921,27.1569865374597,1512.32567171455,853.052203647967,"Indonesia"
1372.42299262449,484.913062836636,24.3720700194036,2177.37975534282,634.757284382268,"Indonesia"
1704.31952795767,619.709401765424,24.3146186735971,1293.67411842811,608.26090082486,"Indonesia"
2673.66196486375,416.85683826415,22.1348316782259,1700.60553641972,672.000613694594,"Indonesia"
1794.12187870201,671.166914719369,25.0195203353527,1374.1218947141,686.659921122676,"Indonesia"
2914.65885239207,338.465778748457,22.4566842234438,1216.52890441929,601.443664359631,"Indonesia"
2935.41116407689,692.336075204496,24.6012985414957,1366.66852400092,549.5300152777,"Indonesia"
1710.14009616385,871.538961438879,25.2904455392272,1729.23290589498,547.620765040856,"Indonesia"
1893.14034857758,692.441576782279,23.6441708727144,1762.08625759424,689.605711424426,"Indonesia"
1524.17957040646,498.576425998957,27.0158892235173,1216.16796864504,504.547706843226,"Indonesia"
1756.35108916344,644.899117937063,24.5323898162519,1081.56102101658,642.979925942674,"Indonesia"
1222.55481117013,562.637916332584,24.9683911322169,1604.33520229876,608.662905121728,"Indonesia"
2088.48923159579,473.556764470354,26.670255359843,1796.27252183095,532.628121022157,"Indonesia"
1032.73702777319,742.601912032166,23.6783175538145,1411.88683176991,463.241847435475,"Indonesia"
531.982445683229,672.531271827743,23.6751531258308,1188.69470844943,605.622673144287,"Indonesia"
1825.37717018293,500.771369585996,25.7052558352686,1390.74510617124,514.596641880753,"Indonesia"
1823.40956842705,443.928200546523,25.7630109952957,1383.73638681988,498.113852022674,"Indonesia"
-12.7815046915805,478.850946536845,26.0818902605587,1318.56199038131,642.672811915747,"Indonesia"
694.997562266459,502.830683415981,24.6825635357097,1046.82170302449,643.134004261236,"Indonesia"
2854.597723787,408.810636359018,24.80085405543,1434.71268705944,402.771128649027,"Indonesia"
2039.86870034973,483.47935438134,25.2729707398278,1336.19178868354,734.560313994001,"Indonesia"
1147.69819828389,728.898959383141,25.5567278636712,1211.77456402588,751.76972084853,"Indonesia"
2447.97734192095,440.189079109535,24.1368124902203,1389.64403535694,647.432415667796,"Indonesia"
1450.60531172569,404.506162922952,25.709453235944,2054.55251651483,603.657547837291,"Indonesia"
1394.05912270449,483.543345454965,23.6340689209262,1306.47954675212,574.525864848323,"Indonesia"
2093.84989884741,161.196149471978,22.9714894774585,1539.44087518365,725.568337039523,"Indonesia"
2072.30622344983,414.98884349845,23.5594600258655,1477.66696436722,569.040705398911,"Indonesia"
2851.88085957503,313.458916624622,22.3529436595035,1347.2685247177,577.997544733157,"Indonesia"
1628.59012355264,787.698019078846,24.899825874047,633.255798379792,526.119866213974,"Indonesia"
2403.08387918058,473.607175263444,24.6236833373347,1382.18495919466,585.339510080026,"Indonesia"
1700.53646374737,571.370945453915,25.3069360934314,1641.52064367251,588.679675839927,"Indonesia"
1372.71459487446,264.564925426172,24.9022970011526,1163.44905734987,490.991648527397,"Indonesia"
2232.99754348666,684.284310820597,25.8199670132787,1032.66013561902,553.364282241495,"Indonesia"
1656.68065351299,415.728785663894,24.1675600763837,1946.99729116772,621.676823229063,"Indonesia"
1465.05688520485,637.105562973532,26.7096325515939,1071.16270956491,416.077377666968,"Indonesia"
2784.65071187755,394.135083850554,23.8479789913124,1300.62237948983,677.431248565063,"Indonesia"
380.737466634146,666.747472639971,25.0013640580434,1435.40477525535,819.571016541254,"Indonesia"
736.2144085205,400.315138824234,24.5136404205478,1122.01954589805,607.353866358578,"Indonesia"
827.042795934208,788.133805321453,26.0924682437227,1807.06727307984,696.530014572091,"Indonesia"
1762.72070418099,618.546455452314,24.6498358841291,2181.05944660699,784.299941462041,"Indonesia"
1863.90929643706,609.19256099772,25.0143718636621,917.832643609523,511.52013198004,"Indonesia"
1508.69611758094,774.55233613934,26.0949501882311,1968.69121585334,772.955303007991,"Indonesia"
1595.75606407364,758.985590668288,26.5413615120847,1157.83332630558,533.270402171853,"Indonesia"
1183.54578174578,757.767711805982,26.8663870529563,1270.79298719575,619.311638659324,"Indonesia"
1293.16354881624,474.150834600812,25.6591750589836,938.783465058551,509.698952499726,"Indonesia"
978.222266937484,1000,25.9098027428016,1659.81964483075,905.919862184036,"Indonesia"
1404.65676520595,393.339480519201,24.6187294127486,1944.81856135086,607.561822902347,"Indonesia"
1387.30759603298,493.928139334511,23.9352430699078,1004.82956238758,466.861412353809,"Indonesia"
1721.85434691012,645.515424122064,27.5750736850836,1924.15758126893,564.420271233091,"Indonesia"
1312.1947278262,547.133900973188,25.06223924666,1213.35199141172,631.699321852667,"Indonesia"
493.182253701665,829.600856957222,27.4204340245218,1039.91975995682,749.859976412868,"Indonesia"
294.346908300615,559.680997174727,26.5108023810969,1027.27003321562,395.667854939373,"Indonesia"
597.487656870086,571.776332067409,26.9444621256267,1366.42016851506,686.824252036072,"Indonesia"
897.326096560116,674.972088902569,28.8199094250612,1776.26800065188,631.815088174623,"Indonesia"
1213.7326375524,778.397955851564,26.7477508122381,1086.46651437834,482.744447666972,"Indonesia"
1906.36954845732,412.264165375157,23.7838968966895,929.624939110499,595.245660926332,"Indonesia"
1117.54600630404,416.777835227441,22.7999748645784,1649.77599797062,709.673740178041,"Indonesia"
1019.11525085688,678.877432513161,26.1616224588811,1551.70110134293,585.97260748273,"Indonesia"
1719.81947580977,527.822543859883,23.4046536419322,904.261587351699,556.179922542507,"Indonesia"
2033.77277705301,559.255615577798,26.7804043276608,908.679332433507,690.198683043367,"Indonesia"
1323.45299745448,527.713370277609,26.2580525933752,701.694465043896,290.014096875126,"Indonesia"
1873.46004486381,470.979919072501,23.2334103276694,1554.03918806303,523.831188479471,"Indonesia"
846.246230885879,614.692425655029,24.0905853795116,902.862786275258,567.80365741553,"Indonesia"
1975.22971332805,586.186056218242,28.0986709249624,862.312078703904,623.684965863931,"Indonesia"
1032.64597431572,517.325724805579,26.6594776353136,910.452755598155,587.787167352808,"Indonesia"
1375.17566906509,708.796365996897,24.8593655400216,1508.94579054152,620.507407213183,"Indonesia"
1148.35701333394,276.371267548023,24.9923955248238,720.859867148047,442.807241242525,"Indonesia"
650.779916090775,600.595439874423,24.5147331964688,1103.27303008278,845.495133931306,"Indonesia"
1927.48785990177,400.263583729666,24.9522313041784,1443.26554993217,636.154499385774,"Indonesia"
866.326666705965,670.210331445322,27.512644571042,848.269285123823,544.423907855034,"Indonesia"
2094.35081844411,557.8452572118,22.4926986879431,1800.15910647739,581.006471889022,"Indonesia"
1342.12086335497,686.53064158423,27.1417286114196,979.163516470663,581.207045670428,"Indonesia"
1937.39619852341,527.025892860483,23.5930504332788,1823.71967401337,604.28892694017,"Indonesia"
634.98761834525,752.659915026357,26.1959226081004,1322.37730948909,544.410085102589,"Indonesia"
2256.48619093511,686.941542150036,23.7635381200225,1406.8419629969,729.640529266366,"Indonesia"
2024.93108276436,383.594458695408,25.2918487635427,1136.34796485301,685.851710718959,"Indonesia"
720.134284490323,452.968981962749,27.8576672089971,1086.49537620315,611.346850780276,"Indonesia"
1057.7951374658,447.823106021611,25.6843501721698,1369.03026753143,426.05081752882,"Indonesia"
1154.43263582835,459.603831689978,26.828932987696,1129.28656799944,421.807692381725,"Indonesia"
1521.76295596157,481.417029007552,23.9811705313197,1206.41703280995,658.617753650894,"Indonesia"
1304.97729199775,542.461759592375,25.2193703211353,1313.65102544508,602.846018084506,"Indonesia"
1955.14129971877,804.523481898252,26.4226058717131,854.657924218848,770.452051371111,"Indonesia"
1348.38079542466,724.3427180002,27.8074582729891,1453.31150510418,456.200225829843,"Indonesia"
2086.25501450642,509.685654766086,23.9852855024835,1594.49175066511,762.541487173098,"Indonesia"
639.738607705185,843.101022995938,26.1676693551539,1286.38602602028,714.786890432466,"Indonesia"
1673.92613903035,687.492315997641,24.7397705739778,1518.54757778257,661.648144419117,"Indonesia"
1760.02762031106,492.032013710656,23.1941425676375,1534.72320911584,688.613291386303,"Indonesia"
1721.64398694366,521.819791123951,23.9654509328781,799.602306131645,591.742145263163,"Indonesia"
1116.85788349513,653.167217982788,26.1667587678107,1715.84908385316,548.685536465839,"Indonesia"
2558.08565041791,536.067474948907,22.7092931932386,1600.73368426699,706.932168296433,"Indonesia"
1320.89124540738,706.285469345908,24.6806544529878,1839.20483232079,738.352410543235,"Indonesia"
2508.60238974121,569.617138587222,23.1480369027484,839.577949803968,766.625471721187,"Indonesia"
1020.47761337633,399.458347649842,26.073368442026,1221.17633750965,625.746591853065,"Indonesia"
2059.4634346469,433.82506617624,22.95710894705,1841.40667050171,453.345635336395,"Indonesia"
130.298704431245,762.697039763553,25.2145211578356,1563.22566191209,279.434377270765,"Indonesia"
2623.56199614159,481.677823453817,23.1271404159636,1379.99448714712,628.086579279308,"Indonesia"
2206.52859248202,482.087467303466,24.2827115998503,1628.75828590454,732.379139188848,"Indonesia"
1457.41927776907,654.293130515681,24.8379178248625,958.967653628843,499.519260590942,"Indonesia"
2420.32684890733,834.46783522265,24.6911695998697,1397.91414679524,611.120472234818,"Indonesia"
1875.63572565475,426.088571396742,21.8597752122859,1926.74742546484,734.59307438709,"Indonesia"
1511.24135571273,426.437336649095,25.0491704059315,1011.13331932557,608.28550505019,"Indonesia"
1252.56786450067,649.255912758296,26.3751982652852,1150.860875799,503.037576187488,"Indonesia"
1569.75559622058,627.24691043872,23.9817087712082,1020.6754021181,634.98799372102,"Indonesia"
1573.48250534527,543.801689010527,24.4385393877434,1816.40386053153,530.738035762708,"Indonesia"
156.416949363735,806.571201644657,26.4222393416245,1057.5753715416,493.248516482042,"Indonesia"
1741.70327849419,713.836521760274,24.8789073610639,1197.20164695619,378.643193962602,"Indonesia"
1369.54966388852,477.100665649767,24.3473590471971,1617.4519804558,696.405422910149,"Indonesia"
1592.36831236268,572.820539147709,24.7719508227102,932.503479780544,763.626497872674,"Indonesia"
1528.58340142044,524.016953379126,27.776056990005,1295.03503739657,682.687543769329,"Indonesia"
2015.22488067884,622.206924671188,25.2938197323128,1155.93937960654,357.870441200762,"Indonesia"
315.131681898355,748.056992018745,26.7096173064877,695.402344391465,544.424924795728,"Indonesia"
